x1,x2,x3,x4,x5,x6,y
-0.0836883560837483,0.4879049026999339,0.836646615420967,-0.43501639153473504,1.0,1.0,1.2354554725251357
0.18526150687838672,-1.0,0.45732659831499894,-1.0,-0.27974666225418465,-1.0,8.455122396880558
-0.6738272559071481,-0.9010517375241421,-0.7587214604499436,-0.7342204954301174,0.5861533969213446,0.48056755459279704,-2.1167366987246092
0.5740218650668165,0.05346066761660606,1.0,0.5824059277811475,0.6360887225587797,0.27895044749201686,-0.7019421027128665
-0.2241658276547409,-0.845676593521392,0.8295362757161742,-1.0,1.0,-0.18453521805559586,1.9749854225673609
0.5907882845660886,0.6297055768298492,0.18517210576959076,1.0,0.44397685852366514,0.4821390662602732,-0.7045085969036304
-0.4627616820530045,-0.3504403028101606,-1.0,-0.2322541670705684,0.5629021637350509,-0.6403238712246526,1.1626633655704057
-0.04430480596488651,0.09611100320279187,-1.0,-1.0,-1.0,-0.5793440411374362,-1.0014260740402234
-0.012572044405252392,-0.7738869316654562,-1.0,-1.0,-0.26980446744806375,-0.26968867309776806,-2.314698894291002
0.0895423189285913,0.38369100348238383,-0.8585321252161927,0.5282299133318933,0.629628541857862,0.6634070770857305,2.7871978609165478
-0.285374886596244,0.42063266633551094,-1.0,-0.8268869233545623,-0.33314866961497536,1.0,8.033180998437068
-0.16320441778712724,-0.676358503219749,-0.4113548257377231,-0.42979085384661575,1.0,0.3086951480463702,-0.1833506376443501
1.0,1.0,0.7261822435184271,1.0,-0.6741011536314572,0.41556902027490417,1.1307504536202004
-0.8641458103805202,-0.9342903356918588,-1.0,-0.7597914568107065,-1.0,-0.7473428479223725,0.968522268520045
-1.0,-1.0,-0.06262798846771553,0.321402918361433,-1.0,0.43032195741938767,-1.1805907675020397
-1.0,-1.0,-0.19464501906623832,-1.0,-1.0,-1.0,5.752171057065713
-0.96346045415677,-0.35769038513119755,1.0,-0.4052418287900524,-0.21287595886631605,-0.47550822048351926,0.9679128065641525
1.0,1.0,0.13088488991181607,0.13924103517119485,1.0,0.5362895964702674,-1.3118648731326905
-1.0,-1.0,-1.0,-0.1213955567775391,-0.20580651067335565,0.1217888028743066,-4.526385302436353
-0.7831379563592599,-0.4444630568942822,0.4624062785839431,-0.10907576687350473,0.4092689495364463,0.7226392656871973,0.34946205936335084
0.6573379529346719,-0.8665376672804551,-1.0,0.09041656383829355,-0.4826938954318859,1.0,4.011939113625911
-1.0,-0.023236852446100076,-0.8311663316244933,-0.5303126614034879,0.21355097202511542,-1.0,5.330453374596869
1.0,1.0,1.0,1.0,1.0,0.33429204611306584,-8.89726369486155
-0.6900878545279336,-0.1746449373309693,-0.2977505467291537,-0.03520158140331753,0.2975184430591874,-1.0,3.387585711971708
-0.17097236384381764,-0.9831173544324365,-0.27305676533351064,0.5536193497515677,0.20027086339507194,0.02265736201741453,-1.227904672837141
0.238850040901313,-0.5046944032861095,-1.0,-1.0,-0.34436754404909753,0.9864504923901389,3.8986319843719386
-0.37447362288400243,-0.4327612541979576,1.0,-0.6620874989287859,0.21647677208121918,-0.6036298739438548,1.4547733437039096
-1.0,0.25740558027298743,0.47725342315970215,0.1707550584060557,0.5308184561900174,0.2758095882056262,0.5077641521566431
0.514139449960747,-0.014823030986303665,-0.7953233753494032,-1.0,0.7441646617474234,0.7654567722507115,1.4010027571587722
-0.5769105417438607,-0.8227947182204652,-1.0,-0.6052216524272775,-0.5073226880948201,-0.6571715229735328,0.4527275409809368
-1.0,0.7480839641743975,0.013271333292400378,0.9833511807681143,1.0,0.900903192783801,4.696692019883813
1.0,0.5031316693314953,-0.0816630492540422,1.0,-0.42329100864728264,-1.0,6.834352890906129
-0.5080142802517933,-0.6988139838748167,-0.837744440168394,-0.007383822802008555,0.013611931932295152,-1.0,3.8165786129459103
1.0,1.0,0.647541252739503,0.6233576736805053,1.0,-0.6873829483335983,-2.654491189446878
1.0,0.14930311559931475,-0.486643964031412,1.0,-0.22827974766866066,-0.17485897440262388,1.1083818168648643
1.0,0.9563842941631839,0.9269243912982779,1.0,1.0,-1.0,-4.957688923550143
0.10878542415358311,1.0,0.6432685438121122,0.7687951328327445,0.8633481284711793,0.05050103721158558,-3.104154526504401
0.14469812639400104,0.014641430446118125,-0.2772969314769087,-0.10456888496715733,-0.9574229969778001,-1.0,1.6326669148400899
0.8775041572919123,-0.9462695024903578,-0.5961710811101799,0.23598336664823483,0.8706002731372084,0.19059438996550437,-2.7622030608340724
-0.20593237870681508,-0.9592550511156224,0.030345242103044345,-0.07185400441334877,-0.1838674740153221,-0.010608420373128258,-0.06547905216703845
0.5346772314991737,0.8769831150895533,-0.03576058084781614,0.4243822048007697,1.0,0.34450382203389496,-0.9618963556048185
1.0,1.0,0.6030314567343138,0.4848256512282372,0.2991286869008426,0.748157912583139,-2.174872317034528
1.0,0.10127016887239804,-0.1628271599932838,1.0,-0.20349196730377817,-0.3925860037342547,1.5563475824738047
-1.0,-1.0,-0.8155655954025238,-0.08619149194071596,-0.6322152726560042,-1.0,0.8561355790875408
1.0,1.0,1.0,1.0,-0.5418259713753614,0.5302628517704882,-0.11565491038139869
-1.0,0.298507219191728,1.0,-0.04383269484517993,-1.0,-0.43534132850205376,-3.24460351870311
-0.23287352894904578,-0.5179655243068058,-1.0,-0.2682189723415622,0.15020658522833186,0.05585114565543403,-0.7399255926128833
-0.4793630337449991,-0.3383546280051828,-0.47150792001865227,-1.0,-0.7805560468300017,-0.32354983775009216,0.5070476926067584
1.0,1.0,1.0,1.0,-0.2298095823978139,-0.4808653751829117,1.0985512596270213
-0.42691766917232643,-0.044902706614009746,-0.32538591294852615,-0.8974332641316363,0.200998977993473,0.1786187588566297,-0.1659415491327213
0.607044681933807,-0.11119996681688504,0.5365805494813335,-0.9270150531634166,-1.0,-0.3996313965571321,3.7884596871732974
-0.5526501220319265,0.7071353671212708,0.20148311677750108,-1.0,-1.0,-0.49952711561526675,-0.35678782123843644
-1.0,-0.8233836617599788,0.6239360166480965,-0.8625987293732409,0.5569330596498197,1.0,-2.3776628159571507
-0.04961689110461509,0.6769178596369313,-0.603537254722913,0.10224024815972721,1.0,1.0,7.330139599859438
1.0,1.0,0.3187978341850859,0.03738793488995951,1.0,1.0,1.4801282503045354
-0.5394889788857143,-1.0,-0.3223783756458586,-0.2398536619729721,1.0,0.459016989809789,0.6355700550772998
0.8854256121211391,0.8381301688517864,0.7442754124499011,-0.0011881671246419812,0.30120402589652284,1.0,-1.3004424187641326
-0.5269499037711795,0.467863831006574,-0.8877743592050142,-0.23529852893137876,0.4489316607497207,-0.8686256651659559,2.6816214761887105
1.0,0.3986320845753618,-0.40057852674593963,0.520340189373659,0.0018691869113807158,1.0,2.2587192838345205
0.3702535649108676,0.6244883767071205,-0.8441655974494991,1.0,0.8035690492887934,0.5617010861836846,-0.10833566251579099
-0.5941591609204043,-0.6242436740079069,-0.4731226018792671,-1.0,0.3043804154356619,1.0,1.8749721547696834
0.17550695034532904,0.006292428614684598,0.6160734017185294,0.7071350727287011,-0.2186289779280337,-0.606594577704956,0.2626538470391816
0.3981493092253603,0.8994615819352418,0.3199901997154041,0.9823814098336898,-1.0,-1.0,8.109874868516272
-0.13882662563314502,-0.12933230559449377,0.06181022004890982,-1.0,-1.0,-0.34915427329393234,1.7551638851186881
-0.825706385718481,-0.7059093490505439,-1.0,-0.7752034433528991,0.12853863868352655,0.5281474382215127,-2.4997758805244836
0.5916594457351805,-0.04560281176945738,-0.08739907211005743,-0.5495389444830435,-0.04026071886012561,-1.0,4.596579930509332
0.44513970357514276,-1.0,0.8246803474093667,0.8489402754448181,-0.15486905173990673,-0.7137655314644692,3.992102072293068
0.1670048752836928,0.6874801799746659,1.0,-0.18586859511059162,-0.2813887124740444,-0.5297697977162261,-0.9393218222056315
0.3030454050242208,1.0,-0.996786713260798,-0.2573596860610461,0.6934819870525213,0.18626795473442365,2.667924581343904
-0.6977010773141765,-1.0,-1.0,-1.0,0.11988545214703972,0.9117337610384325,-1.9797321676178947
-0.3520552433034681,0.009138033369766676,1.0,1.0,1.0,-0.2045895901222482,-0.21941276180585545
-0.7376123031127505,0.2484560671608007,-0.536835420124427,-1.0,0.24078735062108197,0.015954024629926566,0.13803566009576462
-0.7641678293004095,-1.0,-0.5414153779179599,-0.23790377150835257,0.38018408607788334,0.9393043769264284,1.1978169847762015
-0.21100479366296243,1.0,1.0,0.30983412539034527,0.6625330122291291,0.45427835526561633,-2.512401171327501
0.15196014058741697,-0.8723017645499338,0.3014950543480477,0.7566313788453727,0.20806778198367895,0.13920752426406213,-0.498913617639155
-0.2864217391636258,-1.0,-0.6099771127460288,-0.6788590894960863,-0.25412071197951097,-0.05829556474417248,-2.230439357397586
0.2635996496416354,1.0,1.0,-0.1694390263123089,0.2454230940215346,-0.6484483048345372,-3.365652260676778
0.49745963671875,-0.45148715288225305,-0.8669947440432043,-0.6698717181913496,-0.5717857955158878,0.8251146920273095,3.4939997696542298
0.6727552049984082,-1.0,0.492591320897588,-0.8261472644767062,0.6411140461417242,0.5944079162891678,-2.1857761814847425
-1.0,-1.0,-0.1050661401043651,-0.3748359894304574,0.488876501725265,0.30525857370646464,0.20475002699730308
-0.35784385296491034,0.3402902991476911,-0.28300479333424916,0.04156621992627142,-0.3984187949172715,-0.8550422570893637,1.106073964344592
-0.7576222422182348,-0.3990102210615558,-1.0,-0.16015815693588176,1.0,1.0,7.37100373976263
1.0,0.6220109759016421,-0.5959689083035257,1.0,0.44852132725566984,-0.2980610499060461,-0.4488203555070248
0.2821722716343338,0.070604831084635,0.2666806400340902,0.29141423444065273,-0.8739914674395526,-0.6039861616608782,1.6103525604857758
-0.008203418426597664,-0.007810376565156929,-0.5765903804920648,0.5789244660946542,1.0,1.0,5.906875221857385
0.28206228960766666,-1.0,-0.43401168244163424,-1.0,-0.2575031756576134,0.9991822877111163,1.8649681211397686
0.744581588086805,1.0,0.24553393268287094,0.796456711213458,1.0,0.46071813993285415,-1.7344017209098967
-1.0,-1.0,-0.1345819813509388,-0.7257933566626873,-0.824811661709853,1.0,-1.5138212816408885
-1.0,-0.6373026914167137,-1.0,-0.6272473809090071,-1.0,-0.19885784014478658,-2.731458002336339
0.628843241258181,0.32589404257961885,0.7884784872153934,0.46457098893946114,1.0,1.0,-1.8018785472419456
-0.6032428906749119,-0.9105489768309252,-0.5647266139397471,-0.5317243622081265,0.08178436391440802,1.0,0.2550010594755565
-1.0,-0.8924986987613135,-1.0,-1.0,0.4232624235059994,0.9759694457330146,-0.9892428535272408
0.3408143570417952,0.14383854444336477,-0.27882338944867513,0.2565889050163961,-0.23947588719752844,-1.0,2.859078601458784
-1.0,-0.732500154711436,-1.0,-0.1218546054521103,1.0,1.0,5.460270378005232
0.665867560132087,0.5912315838394407,-0.3657360687677347,-0.7664824522945659,0.7428303906568365,0.4911170472574477,0.96622090970524
-0.26604171965999424,-1.0,0.1429346442239675,-1.0,-0.2512884819679375,0.23371327863984281,0.6465902630950198
-0.9422206989651434,0.3945999978013782,-0.23655125646672315,-0.4431839698417479,-1.0,0.3834988131092127,-2.243774797348756
-0.7977366897746019,-0.09281152909904206,0.07589751313084203,0.3951931369752687,0.6435491752289118,1.0,4.118442771170796
-1.0,-1.0,-1.0,-0.5729617634603006,-0.16636096854662308,0.7995751281842406,-1.8266390038760019
0.4337701115893293,1.0,-0.478356857767279,1.0,1.0,0.48414839383698194,-0.237866094337153
-0.7854701947385377,-1.0,-1.0,-0.5570865602825517,-0.7399951670617755,0.199402186199063,-3.607698781323325
-0.5587489166112531,0.09316531412011075,0.0889798450496383,-0.9462964221702501,-1.0,-0.1493326123704699,0.6906775905511096
-0.7909566204709617,-0.2143598226239496,0.6126377012031589,-0.019864155472613942,0.3653226421644449,-0.32633697598174755,1.717713970259418
0.30651843266357937,0.7490079154041822,0.9522861116483019,-0.13097763119717637,0.971553467238462,1.0,-0.2966192415093392
1.0,-0.12575774665440964,-0.38983710114951753,0.23124821057630246,-0.6281345207380922,-0.9330294384004988,5.357671564893209
0.2186564695551576,1.0,0.846428923688755,0.8205149846285367,0.6753662713020208,0.5961044868417946,-4.331975559178189
-1.0,-0.4730074998632008,-1.0,-0.7179798284983898,-1.0,-1.0,2.523328725086014
0.9207062569954616,0.2605623205101224,0.14598146766464298,1.0,0.12925879696898035,1.0,1.2584064675414561
0.6552007631516032,0.9989624963113481,1.0,-0.41082924540985194,-1.0,0.3446281351935905,-1.3195471243266301
0.09052386257122891,0.3294668114934398,1.0,1.0,-0.7538290638821413,-0.23819984628460955,-1.111151237594161
-0.1462392457799541,0.3224833373251661,0.1994335830395656,-0.460732285612124,0.17852210270491053,-1.0,2.7916097765146177
1.0,1.0,1.0,1.0,0.36139164026415893,-1.0,-0.5522010391999322
-0.5972462567762468,-0.6585852216755774,-0.8613762624973003,-0.42031636632073394,-1.0,-0.9656860245603096,1.0034233600942586
-0.9429607882381111,-1.0,-0.32661752943600975,0.005131634310524158,1.0,0.9012585491897432,2.661087318255817
-1.0,-0.29371428404167654,-1.0,-0.534231054605071,-0.8126653890674,-1.0,2.7178536469333245
0.9354153381390066,1.0,-0.7022971788846699,0.09143600351106274,-0.8413255371257309,0.48868949233032993,5.28144536465982
0.1393941575943296,1.0,1.0,1.0,0.22356511438141147,1.0,-6.340379940983403
1.0,-0.021099253607125695,0.5079830876557544,-0.462536930352979,-1.0,1.0,6.765035907780334
0.7385699892572442,0.7818008837336108,-0.8247959298603669,0.11222811817773232,-0.648866090685177,-1.0,4.425690256878785
-0.28008141197831804,1.0,1.0,1.0,-0.41931886094814463,-0.4234453387356454,-1.788673813852824
0.5856287194629947,-0.48979091769579797,-0.7420123151358576,0.0034779107775146922,0.5859559814880264,-0.9341287532867736,0.15782930347811136
-0.4235975048792328,1.0,-0.46059544943332265,-0.840107515757899,-0.4470114090228261,1.0,7.646977561348969
-0.266217976175122,-1.0,-1.0,-1.0,-1.0,0.5125679924355675,1.9630784277661335
0.35743326602998815,0.14267062905393713,-0.5978778351530166,-1.0,-0.7968769543883609,-1.0,2.191481971141998
-0.8172407062012728,-1.0,-0.12368923370371632,1.0,-0.0653852917652854,-0.7939387510284845,-0.9936292416666338
-0.31426544069962165,-1.0,-0.04164421219836917,-0.038505798311764206,-0.37687015189372164,-0.19385865929508708,-0.8346542287968474
-1.0,-1.0,-0.8045712226696475,-0.1585021254271608,0.32903655102991936,1.0,1.5390575305732979
-0.5018428303710125,0.018567797257433183,-0.4016977846746801,-1.0,1.0,0.9399439383118331,6.295788392077529
-0.016904830939427906,1.0,0.24509327175825024,1.0,-0.4340709674523271,0.3803658527189369,-0.6801853881282103
1.0,0.44517926313805,0.9075988817950436,1.0,-0.22191315369742068,-0.617641389281428,3.2984085064882476
0.9124501995488289,1.0,0.26992274417345175,1.0,-0.7813787597716618,0.03348854834178364,3.9216506687204435
-0.7439927779976965,-0.7803624979412017,1.0,-1.0,-0.08516398691348703,-0.5931089052537577,2.6378318997314882
-0.10772865260028319,-0.23965537383687385,-0.5381693689623605,0.4147204103965347,0.4535834730316658,1.0,4.759910089494695
0.03409302918132853,-0.8112995108153309,1.0,0.2704003541555277,-0.7981833509577645,-0.263935988802807,1.7887044821357783
0.9140886830662384,0.9795630467502576,0.24669830156856587,-0.046933711524574206,0.8205524156662268,-0.16279568794582366,-2.579997090124759
-0.10780926944596811,-0.5494649547126385,-0.2613769108222987,0.3293360264243523,-1.0,0.23563274126368472,0.9326837046771452
-0.23143120181952975,-0.3640838006095717,0.5166674404139974,-0.07289930918018521,0.8043166486325426,0.015048668978982382,0.8793906572000542
-1.0,-0.37582719140951326,-0.0021045240696848655,-1.0,0.5901719853826867,0.6153171839503395,0.4880732469801935
0.7154406837700976,0.3371938408126838,-1.0,0.1096798614446074,0.03349076026916503,-0.8488057994302701,0.8038909084448871
1.0,-0.43615349985603497,1.0,-0.13924473890340422,-0.8970291824146277,-0.03840281294660268,5.016358060221207
0.325687818716815,-1.0,0.3613755437118551,-0.38645225531079924,0.4373917626715289,1.0,0.6244980374372792
-0.08411732799909707,0.484675162882221,1.0,0.40441638146613157,-0.9670735139914026,0.29070669960146134,-2.0871854161632695
0.7531482783858431,-0.6319838332437295,1.0,1.0,-1.0,1.0,4.026208714946678
-1.0,-1.0,-1.0,-1.0,-0.41575834716020177,-0.2892279414213581,-3.721610990105024
1.0,0.6859706944037887,-0.6633270317740549,-0.010270880367705792,-1.0,0.17894616404534586,4.689596189965023
-0.5974226652540255,-0.4036703381619069,-1.0,-1.0,-1.0,0.5900935554997176,0.7469099323995088
0.25891688655294587,0.11224392053371779,1.0,1.0,-0.4471523298981867,0.6876701718281368,-1.9535789165343118
0.7890354859208978,-0.024804366476818607,-1.0,-0.5831278495511849,-0.21191037422099057,-0.34577814642289184,0.66404894747014
-0.11378311603035779,-0.8858700261114012,0.06637193096720977,1.0,0.6116875494074223,1.0,3.825044603516061
-0.5844216650259728,-0.5923068529602333,-0.909265875007131,-0.7271616143823995,-0.27742311695312993,-0.7460075614630948,1.5716840801680618
0.2978638341100013,1.0,0.8218758129918606,1.0,0.8559447130050247,1.0,-3.985961554584803
1.0,0.387801565820741,0.7518098045491339,1.0,0.7088752915643601,0.003987705408411479,-2.666244493214992
0.34039554859277044,1.0,-0.0023214686716307997,1.0,-0.3283726408555564,-0.565495117684431,2.2687778960722422
-0.9697349174473557,-1.0,-0.01700803931361318,-0.48511487892808247,-0.20616809408257386,-0.8452598730133445,3.792640484335346
-0.5830009843048086,-0.11592380186023565,-0.21054855320634625,-0.22163988845847993,1.0,1.0,5.429186792333925
0.5340110885081745,-1.0,-1.0,-0.6803601798333976,-0.21527347142666486,-0.17445037345664827,-0.9899574443864572
-1.0,-1.0,-0.8768252797187834,0.11538062836134655,0.7044518398867893,-0.4221238851659644,-1.4463802192697839
0.30859805811697116,0.9898085588456822,0.3933537202582269,1.0,-1.0,-0.9404570667796729,6.341312353040092
-0.0966734609736182,-0.48439179363358276,-1.0,0.5007497928656125,0.7663855144320939,-1.0,1.7956317675935558
-0.4536723682259289,1.0,1.0,-0.2424413319924026,0.14079954882597756,1.0,-2.322638575580636
-1.0,0.30894525961291397,-0.8201807678157692,0.6571331861572657,1.0,1.0,8.94682778176163
0.5997949022568083,1.0,1.0,0.07053386682689,0.4100293005193886,-0.36425806012755213,-2.2012723973652824
-0.08017270696593781,-0.5853396049189946,-1.0,-0.47612244527779934,-0.12026114036033031,-1.0,4.04018096845648
-0.6946643975185194,-0.9954564186060124,-1.0,-0.905048839177365,0.45361245614455714,-0.9645595373243785,2.7884615412192137
-1.0,-0.3542464262830817,-0.06624671124302184,-0.11687946172619024,0.053688943716771076,0.6458505785624242,-0.19922891183166802
-1.0,-1.0,-1.0,0.26633021400996876,-0.2109159185513567,-0.8166585135188003,0.24482318086208366
-0.89694915142011,-0.22081634256375438,-1.0,-1.0,0.2726069608016284,1.0,5.206986794741219
1.0,0.49711137965623853,0.8739455571203922,0.44150725322323114,-1.0,-1.0,8.367490941473022
-1.0,-0.9986133742789072,-1.0,-0.11884472853906036,0.3104012936896879,-0.9810692591183883,3.603350778597948
-0.6384334580573753,1.0,-0.7479503622810485,0.27054903693915927,1.0,0.3178301329754263,4.973531594149252
-1.0,-1.0,-0.7638753350031884,-1.0,0.25704121746616077,0.5828850987162899,-4.737945445768321
0.15931673137834268,-1.0,-1.0,-1.0,0.5619422505871026,1.0,-3.025903170435056
-0.5110444925331888,-0.875294168887295,-1.0,-0.8529937146529212,0.7786607260550436,0.3549190852662364,-3.34262720769113
-1.0,-0.7749055657250736,-0.06261670736189595,-0.23324405814160554,-1.0,-0.5005590660936228,0.401785894921348
-1.0,-1.0,-1.0,-1.0,1.0,-0.5369017453374691,-4.51504516449562
-1.0,-0.48772920421384347,-0.8477815239246678,-0.48435068770934164,0.41721745006021715,-1.0,5.98993833944395
-0.35134296694952405,-0.49765712850051336,1.0,1.0,-1.0,-0.9440855811308513,-1.3305591252202422
-0.22654119836022993,0.6967113076837131,0.8907394468746808,0.514458313659607,-0.3440145305989324,-1.0,1.6873541237930991
-0.5455064193576786,-0.7051128986297646,-0.07590186873524918,-0.8232685519446674,-0.481622877630017,1.0,0.5478822093964388
0.5857099691727068,0.7216956444250233,0.4259735692510075,0.3975536947117433,1.0,0.2124711487403076,-1.8926020610144927
1.0,1.0,0.7567442119250367,0.9243564529508161,1.0,1.0,-5.838429418597075
-0.3974049405431965,-0.6885166288282308,1.0,0.21445029170781305,0.7286229697390931,1.0,-0.3622965494640119
-1.0,-0.6612523952809939,-0.3566794668433677,-0.5270951501764889,-0.7158325377294567,-0.3636517546129174,-0.3053448367789845
-0.7573865102301091,1.0,0.14263891877563664,0.8995074193444018,0.8205305553633854,0.5279025109789608,0.6311229934164886
1.0,1.0,1.0,0.416746286934059,-0.42120884000985964,-1.0,2.795663065303532
1.0,-0.43423192070807304,-0.07518973913827576,0.404573343352155,0.080751140453501,0.8196601485601968,1.4144081310243835
0.4462161857033836,-1.0,-0.8805246880811047,-1.0,-1.0,-0.9834356068305258,8.544929083716564
0.3263423595629416,0.6215740263427478,-0.2965969501798442,0.3895668348367997,0.32434625483711566,0.26777492736054476,-0.5847247679702762
0.02250438084050632,1.0,1.0,0.04249128845422889,-1.0,-0.937539105361518,-3.0459509840432415
1.0,1.0,0.6386743778410928,1.0,-0.3080429128348522,-0.21345893627183826,0.9364363628716847
0.8816173680660455,0.24486065448773175,-0.013726348398307886,0.4212577046483513,0.2315925789060681,-1.0,3.325557165661832
0.39695347204552145,0.37657725711781276,1.0,0.8323357803450797,0.35959460955119943,-0.6511981523694761,-0.5192816064377834
0.35601630473125806,0.4307396953052141,0.44184389618247866,0.35667268606739244,-0.5115631588111464,-0.7968892186211218,2.551527614181694
0.7981262928358475,0.27033800025798504,0.2788474143305447,0.030830624799991768,-1.0,0.2364141672647584,1.6419780592852233
0.33787931779115066,1.0,0.3980602795533453,0.3339015185836669,-0.07170534843738574,1.0,1.6706245219427205
0.32890595836563447,-0.2930515923459396,1.0,-0.4783712278393868,-0.9546589074251912,0.5796082822508084,-0.10823647208861428
1.0,1.0,0.33100572327597666,-0.4807023792482817,-1.0,-1.0,6.177276911167385
0.9438021162024787,1.0,-0.006186844100584676,0.32495065054312167,0.19269779859272385,-0.04211784363593973,-0.7830598288769749
0.3478764020785995,0.876755656569447,1.0,1.0,-0.496723931912627,0.19923891973034968,-1.6665542603212438
-0.014286947138773987,-0.9304366953469764,-0.9470737879737949,0.2632321405242348,-1.0,-0.7606894969202,-1.040214744538122
0.8688637991574426,0.46504047583941466,0.39379508744556,1.0,-0.20151827303563252,0.2967266647511333,-0.14974265900237427
1.0,0.6428926517484276,0.8415661866707494,-0.14212227161536606,0.5195017092783392,-0.035774415194800124,-2.165142975521311
1.0,1.0,0.25040566707827816,1.0,-0.03217584473278731,-0.04211141288860576,1.0894366460978757
0.1380451308954106,0.0480745401196762,-0.9041125938421339,0.5246995399065352,-0.3873592092803405,0.9271824355048897,4.770244416086748
-1.0,-1.0,-1.0,-1.0,0.19280387651622444,-1.0,2.7967971945567283
-0.6664242230821397,0.47098872535645664,0.9209931581709025,0.1614168736645722,-1.0,-1.0,-0.9754712968344034
1.0,-1.0,-0.01957585017019664,0.20552775039001986,1.0,-1.0,0.4248452879098603
-0.10966396512408161,-1.0,-1.0,-0.9110239758397742,1.0,0.05320248090587976,-5.545526065329765
1.0,-0.03367356845469949,0.4147200366792069,0.9971945189297737,1.0,0.4183191632366934,-2.9486940522698766
-0.45057299624062164,0.9283232941363908,-1.0,0.5991811915531634,0.425986143177024,0.5767137492980903,5.239031160949001
0.02887599505442029,1.0,1.0,-0.08366024907894132,0.9342865727983537,0.11729002159349379,-1.6857633590575227
-0.5285568440216317,0.004657961246922998,-1.0,0.1396593596646375,1.0,0.5368557756265045,2.042082110261572
1.0,0.5074014189996978,1.0,0.6672035733437667,0.9936337820688125,-0.9473975239214187,-3.1453524520600737
0.936040554009874,0.42031298573876574,0.7123225679336043,0.037532563965335664,-0.1377918337592613,-0.2257688792094934,0.5048038343803525
-0.08179957428319118,-1.0,0.3453174343970524,0.16002474638720554,-0.6169460666481179,-0.8433483589939469,4.345960262740809
-0.327866824329268,-0.46976209442326744,-0.8399378990171742,-0.9786960801023481,-1.0,0.7479038399205692,2.2340464308053027
0.4359700818739886,1.0,0.3997839492416657,-1.0,0.8549323204954296,-1.0,-1.3855362014712973
-0.8966343675691028,0.283134466190215,-0.9925806764436856,-0.9222428861581684,-0.2190266655262605,-0.02343132481891419,-1.1326961613279904
0.27043499082958694,0.6103876923225818,1.0,0.5192403875991403,-1.0,1.0,-0.7339396245942548
-1.0,-1.0,-1.0,-1.0,1.0,-0.8326290898775675,-0.05221377697610097
1.0,0.3313462585772181,-0.7356296676081471,0.49483030879920475,0.4096539972831673,1.0,1.7821174377189462
0.7548699097481902,-0.5974894745663799,0.1190350556891917,0.6824932232701707,-0.3798648779259888,-1.0,5.8391536084862485
-0.4617885785619171,1.0,1.0,-0.3050916559946022,-1.0,-1.0,-4.633247490957518
0.5718015496866594,-1.0,0.9252319602262039,-0.6979723829572018,-0.5650094173649598,-1.0,9.775313296012353
1.0,0.9952641018056638,0.49475476795976303,0.5040543061634147,-1.0,-0.7181752855021987,4.4791417817037145
1.0,0.9127700550796947,0.925344866960369,1.0,0.3797298997373897,1.0,-6.841831111721082
0.39619987485122365,0.9725875555798851,0.243771802128523,1.0,1.0,1.0,2.030430159018166
-0.284679507826866,-1.0,-0.9319290105610449,0.11161452663913768,0.8767434720407762,0.9357225529958537,3.1036063555117317
-0.07666803444186732,-0.024861656406702015,-1.0,-0.7274447270429938,0.9948326881480369,0.6273366003620234,1.8576723908949955
-1.0,-1.0,0.18470883475499023,-0.7868052555683039,-0.6466838897749502,-0.5444131117429989,2.756596454382174
-0.005489762594671654,-0.1047821388307481,0.41814949523384254,-0.8568814667250316,-1.0,-0.42150445690396343,1.5071386568169458
0.7790373173268003,0.5393449371997865,0.5288592305182658,0.28248425586180065,-0.6601951666012928,-1.0,5.651931625111633
-0.39618300653505867,-0.33967970572300166,-0.4282574229297119,-0.19469775022609997,0.06989831887930698,-1.0,3.2007376668314325
-0.4347744423877308,-0.22162704976064562,0.4017917464167897,-1.0,0.17473909306176105,0.7907417378749515,-0.4577072496226773
-0.5642828378881632,-0.21191799683106527,-1.0,-1.0,-0.20583462159027038,0.2563552128088329,-1.3218034891792965
-1.0,-0.32395420355641313,-1.0,-1.0,1.0,1.0,6.734622881151535
-0.11952627118211079,-1.0,-1.0,-1.0,-1.0,0.3638406500993906,1.2789385188540794
-1.0,-0.7369247074504179,0.46458461270477086,0.13532440902035558,-1.0,-0.12079476997617422,-0.25308445290786685
0.5492254766890512,-0.040532516235166294,0.8317155447207609,-0.7571889870463115,-0.6560720402948796,-1.0,4.028179934899622
-0.009961491249469212,-1.0,0.7054565000686202,-1.0,-1.0,-0.48445282656642635,9.73420182376142
1.0,1.0,1.0,1.0,0.39719498349738247,-0.5180176227622109,-3.066071039022955
-0.7427348378877745,0.5509574808605773,-0.4662594681607297,-1.0,-1.0,-1.0,-1.1709366441879683
0.15159890412937577,0.1402458500090073,-0.5717750771397858,-1.0,-1.0,-1.0,2.3015326166303613
-0.6315922981760211,-1.0,-0.21392181174359792,-1.0,-0.09084870500093531,-0.2495771493981535,-0.5885275412701448
-1.0,-1.0,1.0,0.8270904202647675,-0.0035256892811813103,0.5347843307699581,-1.5561104519438649
-0.07672058493701206,0.8944555062363355,1.0,0.6481623529190154,0.2517929249903129,-0.27045476368334376,-0.9289589774071847
0.4161268637337323,1.0,0.493267637586813,1.0,-1.0,-0.24287603628926768,2.342057353724636
-1.0,-0.02458308639709328,0.14473674212262533,-0.2008203658196132,-1.0,-0.30023978662397943,-1.6022748899294288
-0.7167560553185999,-0.15451882206613038,-0.25992078243241934,-0.8413446036731218,0.7924047827419347,1.0,5.108847971991787
-1.0,-0.08875894673772278,-0.9810109036367811,-1.0,0.42813359918965166,-0.7433965648928862,2.7018570689026986
0.10087826379390652,1.0,1.0,0.14911937358081417,-1.0,0.7722782700329408,-3.547103300104732
-1.0,-1.0,-0.11002783933478999,-1.0,-1.0,-0.9980544602551373,5.319245043666559
1.0,0.5957632108547808,1.0,0.9668279343157518,-0.3728037438118459,1.0,-1.5747790251883005
0.9715923097705798,1.0,-0.9502271543472249,0.7699408593845598,-0.45995313204648236,0.1587654808114548,5.015658284221556
1.0,1.0,1.0,1.0,0.17706314215065433,-0.08655581248274069,-3.877116036710942
0.8928376245463271,-0.19309286177539187,-0.62714807269335,-0.06140143606574456,-0.42582754705205267,-0.47550811504465934,1.8325809052491193
0.5900490499905373,-0.30562015599583336,-0.03538052856153332,-0.41107426490864435,1.0,1.0,1.580630884905217
-0.9821540036148277,-0.5744480157856902,-1.0,-0.17334080872848456,-1.0,-1.0,1.0660103054600023
1.0,0.7281857074065303,0.05412133561740062,0.6738054103655848,1.0,1.0,0.4154007353062006
-0.254138070592534,-0.0401636435118804,0.17003392127485617,1.0,-0.20398053117764847,0.07108219359575096,0.029571909850495348
0.3534540728802679,0.39854006955594345,0.4724393900161159,0.4370789117966235,-0.659002016168486,-0.01953055365802131,1.0270776098073213
-0.3884878717997432,-0.3028390478143274,-0.6412491993986036,-1.0,1.0,1.0,5.633775852205015
-0.25583781188196164,1.0,0.6556149227777687,1.0,-1.0,0.8718377679775479,-1.9063749275516084
-0.5278451644964635,-1.0,-0.9205252296511401,-1.0,0.9182912970132696,0.5629117272207333,-3.841485933011702
0.22753978010714546,-0.3138949981610605,-0.7416884961168454,-0.9295369800330826,-0.5649253710361702,0.2863071373620827,1.3889840173419326
-0.7930098846409086,-1.0,-0.10131868110933684,-1.0,0.8045114805018443,0.11472379026192026,0.008581523469029295
-0.27337884597430395,-0.6266295637574509,-0.5147619300813853,-0.10151229064574285,0.8176211118117345,0.4979792916951087,0.3434859700143221
0.2603637664344668,-0.4967123901934939,0.18952968291980282,-1.0,-0.8267604677745353,-0.40177127919554445,3.7227196111789516
-0.2061664049354318,-0.04244432100679288,-1.0,0.6075693733234379,1.0,-0.8768318178431641,1.2634600725658123
-1.0,-0.7603584647857795,-1.0,-0.18432701514262967,-0.9401922569455219,-0.6180447847609523,-2.4317974693264386
-0.38456905028369864,0.43147864816239206,0.47448627547162014,-1.0,0.15913395687507859,0.25117556052964995,-1.1944227243747998
0.7871810094527762,0.2063832491035398,-0.7917873133445131,0.6569481005960557,0.36856116067372646,0.35795469393917134,-0.1502466287505979
0.8583039038247847,-0.7976770103875517,-1.0,-0.09450349649863021,-0.09217044575197625,1.0,3.2137538558977425
-1.0,0.5216748732606045,-0.33236793766207906,0.5851386106817972,-0.89128243797185,0.430462996370036,-2.701708937206144
-0.15590641385009024,0.7618061675948204,0.40637261871087854,0.7445915553426874,0.31324624901284537,-1.0,2.975447835694654
-1.0,0.7346119170831367,-0.36771229968793817,-1.0,-0.722396378328133,0.07946385075611728,0.5463479481904655
-0.5015454708129388,-0.662987025400711,0.8211368103251303,-0.8559946951776439,1.0,0.21468611202651844,0.26434635493238384
-0.8994595534236616,-1.0,-0.03540802265855403,-1.0,0.6375356378331545,1.0,-1.2507906560667599
-1.0,0.3744463034265,0.2945452749166879,-0.7428934133527556,0.3456292535783192,0.3194031582202512,0.862462368688536
0.5980129038422559,-1.0,-1.0,0.32101545835885387,-0.6279629940391167,0.622334494268153,1.4091514547550024
1.0,-0.3157628572919174,-0.304716269419838,0.6238915427718233,-1.0,-0.549644678505341,4.632394320199158
0.11987687921802082,0.08895496830148453,0.5003170611705015,1.0,-0.8178540601020202,0.6908203709299211,-0.12828753955671413
1.0,0.04502877022152929,1.0,1.0,-0.9332709332243154,-0.6398647636672505,5.787975529341576
1.0,1.0,1.0,0.7335843393216017,0.22138632813405146,-0.9152475639919844,0.2625448977994047
0.07022411674450146,-0.9020287857478966,0.6598240208043014,0.34722760122553814,0.16112163391123935,0.3144378676143349,0.2911395646570086
-1.0,-1.0,0.23668271934702942,-1.0,0.25469146146365595,-0.3953537592064643,2.6893268890449624
0.7049687434585854,-0.3141203545941813,1.0,0.9746130703483593,-0.7570953582694551,-0.6398376581725892,3.5324102107970283
-0.24320407029187108,-0.3126810511186401,-0.6015883548360597,0.6845323965279503,-0.3023947030122419,0.09081288523003084,-0.07254276581154329
0.10837304279957749,-1.0,0.05668674265587109,-0.2668227061193363,-1.0,-0.9569517550548174,5.409785971544702
-0.22493202758163577,-0.4441223648577226,-0.7385963931711217,1.0,-1.0,-0.3685251662013911,-0.8738944883420017
-0.6598109834662951,1.0,1.0,-0.26449328527313126,-0.6384786721094223,0.36334706298262887,-3.6921050485971465
0.9725494030050736,1.0,-0.6331820054664856,1.0,-0.9822986604262876,-1.0,11.58080224748916
1.0,1.0,0.2894461264921876,0.299895510775666,1.0,1.0,0.45112544410028954
-0.5406299020216658,-1.0,0.1238493944372861,-0.47070980194608725,0.7181976001697574,0.09865247460380355,1.4377380766084442
0.550851996709049,0.033917475873613046,1.0,1.0,1.0,0.3150428237144445,-3.8303020637337495
-1.0,-0.8694892178382636,-0.6882750234395187,-1.0,-0.2661517151732937,-1.0,3.1519386536956704
1.0,0.2939246607806616,0.2827212746043667,0.8140985205371577,1.0,-0.7214219304216716,-0.08816645169268256
0.45151552339870843,0.8589059042753475,0.19026930331200603,-0.7631333570521992,0.8906022770908189,-0.8546711177761969,-0.5437675723558314
0.4063615442535111,1.0,1.0,0.3376540317921126,-0.6324231485074874,0.24796370963032996,-1.60005418823518
1.0,1.0,0.2516371127344158,0.409199394874214,-0.7737183299671666,-1.0,5.796934972221404
0.5902525037655577,0.9728453492113168,0.32753635062730235,0.31270891327322786,-0.5580916194050383,-1.0,3.070271123129734
1.0,-0.2619618965931384,-0.4040183129730184,1.0,-1.0,-1.0,8.563445899145862
-1.0,-0.050138607010354885,-1.0,-1.0,-0.43387743756088565,1.0,5.587725427882012
1.0,1.0,0.4013369071522228,1.0,-1.0,0.5299420951525733,4.350714616631892
0.7233587103469373,0.31646701409378136,1.0,-0.521930332740677,-1.0,0.16475339525292226,2.0881805290868756
-0.24821920127632058,1.0,-0.22937437894579993,0.7100459105426922,-0.7514848131983505,-0.8548434169012806,2.399555616666102
0.8051697643162143,0.0047034033375704665,-1.0,-0.578385813819135,-0.3353811127143821,-0.822122996801789,2.515895663825457
0.8890954906182442,1.0,0.7591183068111462,0.48014681782795643,0.28237612236578435,0.9497079794769276,-3.332609131759893
0.8481713423149922,-1.0,0.5469908913037894,0.14000419323429464,1.0,0.42280088975842767,-2.1417874909139463
0.1420218876531687,0.6129463547769118,1.0,1.0,0.2651170224149172,0.2563611735064837,-2.2871810716760717
-0.7684316560980066,-0.6755596025486708,-0.02016142733602555,-0.7632268604023809,-1.0,-1.0,2.243766833190732
-0.48102374442904994,-0.054600718963496386,-0.4602239172248377,0.289575800985919,0.959049156425016,-0.5430426081387227,1.6645903501290842
-0.5368282658900645,0.19318892168426088,-0.45362251023362715,-0.5414453481482411,-0.991557901012799,0.2616695684797714,-0.7646935807645447
1.0,0.08279971343649462,0.6937023438534977,0.5947332657804354,1.0,0.9179630787453137,-3.470204294164655
1.0,0.9383082688301912,1.0,0.5430341845011025,-1.0,-0.8695690263143822,4.783302670811492
0.2622253029654318,0.3640581904431406,0.9016705689970761,0.9096282355157397,0.08175006877603397,-0.6208860583432496,0.17392763796777982
0.8124928072563791,-0.32210557691906183,0.35164894949113457,-0.9568426658430452,-0.5982102958238456,0.2690379078492787,2.331123134846557
0.2479048190373624,0.7054533969232257,0.552927041698649,-0.27357368755684935,0.8497239638048719,-0.3583449217600596,-0.6914058184330908
-0.3156478511504279,-1.0,-1.0,-0.20118270167052477,-0.09391852772116316,-1.0,2.302920416902531
0.3824226043592338,0.8596695151534106,1.0,1.0,0.5940832696306857,-0.1396966806548282,-3.195119886534803
-0.6234355228396246,-0.17944683147957427,-1.0,-0.588229291483862,0.029062638990875467,-0.1655110689335903,-0.1105372666695692
0.27068855268732095,0.0608976387975696,0.8723484290518093,0.23442956482178107,0.6414149010277661,0.6655783396268324,-1.6982414476007108
-0.42890564606343795,-0.7127498587959515,0.8226108021077101,-0.43795167526453993,-0.1781224317946425,1.0,-1.5749911547071687
-1.0,-0.21561679097197772,-0.6853924052972966,-0.1185612417053471,-0.1849678658457793,-0.556454988563385,0.16521664114761897
-1.0,-0.7613828979958299,-1.0,-0.6319986006261749,1.0,0.398714604164937,-2.989506046920703
-0.35019519354008666,0.03637034805900086,-0.9840465425393424,-0.0804272065677753,-0.77592490941755,-1.0,1.821773969919871
-1.0,-0.444684834635827,-0.32441233742351266,0.05403903541890154,-0.9969347304422322,-1.0,-1.0288055186482896
-1.0,-1.0,-0.029629872657497947,-0.13952192477791225,-0.0511445974352569,-1.0,5.199895774488932
-1.0,-1.0,-0.4358242482771475,-0.10406382363429567,1.0,0.6082278677085606,1.313676774128438
-0.6263322868180503,-0.6800902729291982,-0.8974767699401923,-0.19654643940130345,-0.29773266579310087,0.4265785009811628,-0.9169963110825667
-1.0,0.1408718632672366,-1.0,-0.33798245684713046,-1.0,-0.9531120720813187,0.8664286827051266
1.0,1.0,1.0,1.0,-0.26680421038525237,1.0,-3.5898720823020565
0.7501265300996893,0.6834939282517509,0.581446240301296,1.0,1.0,1.0,-1.384676458654238
1.0,0.208565393298611,1.0,1.0,-0.9257222496499549,-0.39790006722846316,4.797588628514371
0.44278732623997685,-0.23108680272337456,-0.13381208935677646,-0.6442942424387237,1.0,0.47555636062610573,0.138042343409021
-0.09853151395525706,-0.012244283077728957,-0.03412451950871409,-0.7537307518618583,-0.052288331419332756,0.6322899012386356,0.19896330467935797
0.34500182223464826,0.8058415693479624,0.5841966210018459,0.5796571947999032,0.2622267360620387,0.7132365395745237,-1.3801958696174221
-0.9870481114456096,-0.2301384670694691,0.6008853676864037,-0.058484790440914244,0.5009036639357124,0.02406497828506915,0.19910046242433665
0.45652036174476573,0.2659278913240022,-0.2074654662927506,1.0,-1.0,-0.4121310059531994,2.5915527334530286
1.0,1.0,0.585201586893232,-0.1465364764508944,1.0,0.9145725847735295,-1.980518345950167
-0.9100534103774058,0.30398215955088387,-0.5029314198974388,0.2860743871829845,1.0,0.5269261389832535,3.2725911131835654
0.13484237136371735,0.5547449756426195,-0.17099412529540836,0.9330468553734366,-0.7305007219050346,0.09211834678967568,1.2191183704127713
-0.2238345455384399,1.0,1.0,-0.16695065037552048,-0.14071664679352613,-0.6559413389289832,-1.3647046742723652
-0.570202353795703,-1.0,0.28893400470364883,-0.2260891008177752,0.860218382560761,0.06687739174538648,2.1410329322181503
-0.35165006396348497,-0.40638839927101955,-0.9599682657019135,1.0,-0.08102212874208903,0.13369596202462952,-1.3796831447976128
0.49911556487990777,0.14818421144330204,0.10335342419660237,1.0,1.0,-0.9201591655958278,1.034901919399668
0.46407287843853345,0.22879678628377587,0.30012244594200377,1.0,1.0,0.2530620306653122,-1.067341860286882
1.0,1.0,0.915407795851102,0.42162572680315624,0.6848393173983759,1.0,-4.725128833855484
1.0,1.0,0.5985972940716631,1.0,-0.7101365751028701,-0.4197345471732349,5.699567634941122
0.7366409371826946,1.0,-0.8139152820245016,-1.0,0.8100450459275896,1.0,8.745628758229
0.1300917733483768,1.0,-0.5522821084869066,-0.18776544406888968,1.0,-0.1589227629318284,1.540050748483386
0.9719134626029338,-0.2161579577924621,1.0,0.4766207157940896,-0.034938215654095384,1.0,-1.8295457175485361
-0.5955504251145102,-1.0,-1.0,0.4265971282993062,-0.5654286106012822,0.017404098173558258,-3.837969860542882
1.0,1.0,1.0,0.7111378935893296,0.1265250874767586,-1.0,0.7526455389228319
1.0,-0.4290597142092583,0.7416723308353109,0.3644666524667967,-0.29499151533515655,-1.0,6.7610219030072916
1.0,1.0,0.6955233300121693,-0.24177626016055814,0.6698906242139155,-0.18954326838656432,-2.4449267306267535
0.12839178489798264,0.6841731927726673,0.279924386996905,1.0,1.0,0.6605028924707594,-0.7763375886092204
0.393014570541371,0.6044600021602666,0.8561422435475976,1.0,-0.26302189414573507,-0.9776899461146151,2.482679379845858
-0.9765721633088545,-1.0,0.051181134852118504,0.07544005146893226,-0.718191887106084,-1.0,1.7502435227168398
1.0,0.8211061344820929,0.09077208360940187,1.0,0.005248908691993792,1.0,2.69683282759992
0.4005102662269475,0.05227244717934676,1.0,-0.45746265133925845,0.9385122909409278,1.0,-2.886789341826473
0.8753235010292648,0.12437839468454465,-1.0,-0.4560330592675318,1.0,-0.5788284296685504,-3.6251047794435176
-1.0,-0.541517773229071,0.4492194315824882,-0.05816181351859573,-0.2990236847427734,0.34522199831286493,-1.9154411658173742
0.12731857865719198,0.8422819417079803,1.0,1.0,1.0,1.0,-3.86882067231221
0.17244977543124085,0.5354292046751765,-1.0,-0.3884460670057883,-0.6560112140314265,-0.3494244822330872,-0.6531755279713484
1.0,0.2493435824310093,1.0,0.019109716037976204,-1.0,-1.0,7.382853312744538
0.8476616328654527,0.9596102300157132,0.45401450063766613,1.0,-1.0,0.15526250107347184,3.923319952434369
1.0,1.0,0.13202769376915868,1.0,1.0,0.2518075467705265,-3.876061045759572
-0.5933173634434581,0.048695709653650776,-0.4307557256278798,-0.6304464354756081,-0.07962223166594429,-0.8143047269971767,0.9918460277182601
1.0,0.10381524202828407,1.0,-0.0743222483319243,-1.0,-0.11536149315470154,5.211730697325028
-0.2813470567792107,-0.2603066295483054,1.0,1.0,-1.0,0.07893408780910394,-2.935847444981194
1.0,0.29994013925367313,-0.13579513088759498,-0.6024122642065685,-0.4694560075646184,-0.5615338850563146,3.064156554146683
-0.5915359989966348,-0.8324522180783083,0.10693258040357223,0.8853182967020444,1.0,1.0,5.257473017781781
-0.8382754570335427,-0.04339711736341767,0.9889383412380083,-0.05638276771932482,-0.6670124649950518,-0.19076128123991087,-1.11337299994144
-0.4514197549488439,-1.0,-0.4952929959910698,1.0,1.0,-0.05942316265544478,-3.2464387975919324
1.0,0.2994609834799622,-1.0,1.0,1.0,0.3735868015415225,-4.310880854852927
-1.0,-1.0,-0.9199255938489714,-1.0,0.299569774381894,-1.0,2.594473743707039
-0.7833693480569837,0.20320343146103986,0.3323268329359321,0.34575080985615064,-0.277848778664361,-0.37857325152916377,0.779413435087709
0.289861525470052,0.41274653810867906,0.09059834712711934,0.3931066337653781,1.0,1.0,3.7632993170799627
-0.521664938370499,-0.8766980146318848,-0.09785803995453615,0.3780259733542981,0.8285102831506153,-0.8049966238619249,2.6029514706195407
-0.2655968875074612,0.484146980785515,0.7827539618242421,-1.0,0.24420917755138843,0.7447060398009133,0.04330186460011759
0.2249994913540155,0.021749250470949028,1.0,0.4421065626771894,-0.5375996989771716,-1.0,2.6130389858524365
0.5088362763566335,-0.6577281303926031,-0.6160756730065747,-0.7715539727208085,-0.7574289514649077,-0.8504966564492495,5.425335033348212
0.5097346064108104,0.47213399194321043,1.0,1.0,-0.14161803386468919,-0.36208121559220735,-0.06409448731383549
-0.350560922099329,-0.5630268939017522,-1.0,-0.7665389072920802,-0.07439505921392464,0.893301731422741,3.7737131727888387
-1.0,0.04193058474544151,-0.36053155205287046,-0.19659926905965366,1.0,0.5718570747460977,3.460175655938365
-0.6972663946899669,-0.5496610914385497,0.2695749724959448,0.20315187483501296,-0.354322559217201,-1.0,2.704539102222231
0.2505841141469775,-0.41800386233099274,0.015072198722989948,-0.02161209272005949,-0.833751093701632,0.7272506830292103,1.3425231125786667
0.1751191825328997,0.8463931657812276,0.5108564748972505,0.5653434882749384,0.5643453962278712,-0.7244952801956565,-0.09685940418347416
0.21737200565862225,-0.5802364870634786,-0.26481573029587036,-0.08227493543754827,-1.0,-0.6628242423565929,1.0768264248478296
-0.628184665175993,-0.8264722360418992,0.6305964204756476,0.9259263754937659,0.0487322547504645,0.36709109439001764,0.10966466945976827
0.31095035083842437,0.2591314068287424,0.8346912893411326,-0.11985736307098294,0.4054881738277858,1.0,-0.08101459850725054
1.0,0.8928375760666114,1.0,1.0,0.22205258930053157,0.5526872156046587,-5.61554600530561
-0.8823695308186893,-0.7370328973002318,1.0,-0.03820337671489166,0.6618413238412806,0.401914143473056,0.15814329908817334
0.05561874576164372,-1.0,-1.0,-0.9986936853627515,-1.0,1.0,8.769993068300156
-0.7587035335798915,0.6014308232163489,-0.0697691033766078,0.6811289689767112,0.43302058603697074,-1.0,4.391452146004202
-0.8165553709536884,-0.5113573532461795,-1.0,-0.7698635976858395,1.0,-0.7940317123297469,2.1429331187222487
-0.7126345218197687,0.18485480804783638,0.7948721647097132,0.5155817459063423,1.0,0.8394873169622212,0.8461254180049019
-0.2862126794517276,1.0,0.08141722638955352,0.16221248769963026,-0.12999255700701273,0.5105577588598342,0.9103510864951063
0.34352192731860537,0.7359942206215416,-0.19130076497232512,0.1201159663208595,0.3212452771611717,-0.7217309244025754,0.42657299799399473
-1.0,-1.0,-1.0,0.5427546739800717,-0.8344602495240563,-1.0,-1.8563439549700722
0.33695460653496534,-1.0,0.7037367488309152,-0.4135979454626767,0.07712335030896234,1.0,0.5840463117444255
-1.0,-0.266902052274542,-1.0,-0.5045804124513154,0.4809602134917775,0.30425068401674965,-0.6781089463764304
-0.797318760791726,0.2615740302548157,0.6259099511485247,0.7077043261555827,-0.5663203458972104,0.007069133604782729,-2.4657719055311444
-0.5592970534178564,-0.8901436696889908,0.47062022437450873,-1.0,0.6481522821504861,1.0,-0.6328172053894672
0.30573730669340243,0.0033109274951917955,0.858099154790213,-0.5559094766941416,0.941304516001779,0.8031258153263501,-2.9820227184225563
-1.0,-0.3562172288528247,-0.46173350510333067,-1.0,0.9745067202605862,0.22815863359396948,2.587028739200418
-0.378034043762202,0.7589621210652607,0.21306229898982532,0.7062582576837023,0.1047274884934507,-0.09714735841277344,-0.2054021634479527
-0.6858384474573435,1.0,-0.3171415791991758,0.6155366097729476,0.22179897553440137,-0.9635457993931952,2.2976780818453353
-0.7062658068095528,-0.8672396908277777,-0.7323477773918248,-1.0,0.2053738251412538,-0.34385851868475276,-1.7653387254119646
1.0,0.12570395850819738,1.0,1.0,-0.8364706041767472,-1.0,7.390687153823905
-0.3974741258734703,-0.6750834434859321,0.29307369298303443,0.012601807837800405,-0.3309360690372948,-0.13803897214920857,-0.2913688835876815
0.5564147340929093,1.0,1.0,0.7897778784853409,-0.06000649667519742,0.25216178806709966,-2.2910440885550702
-1.0,-0.31336825083082975,-0.42588623051224456,-1.0,-0.7427079825383099,0.022149200962454742,-0.8360348909203434
1.0,0.8315989478385052,1.0,0.05914641298607437,-1.0,-1.0,5.393042729225435
0.041600126518473265,-0.5389535460826889,-0.753633604041361,0.15333534085260286,0.8642640691438084,0.5024972501677349,0.8361289831172358
0.06369559525290144,-1.0,-0.4713576976024422,-1.0,-0.6650138743620679,1.0,4.2816782602923835
0.39314796765541216,-0.4716654754228322,0.12297113420024885,1.0,0.15990705634003732,1.0,2.7907244263363937
-0.5586181623997395,-0.7260419306422725,-1.0,-1.0,0.5204432996869411,-0.94819142126169,4.677272201166536
-0.7467452986062315,0.8265470899327496,0.5047102170330839,-0.8413848657564922,-1.0,0.31782458410720604,-0.07627956837220262
-0.09305185603979882,-0.5220298763315934,-1.0,-1.0,-0.7192416775736552,-1.0,4.049334338524723
0.7139197522020795,-0.3921389866106043,1.0,-0.9540974627754448,0.7506731297229552,-0.39857395825551317,-1.40488265700791
-0.5209949440922927,0.5366436876150914,-0.12314865122548901,-1.0,-0.03265920945030171,0.04721597074893735,-1.05927807373856
0.8808047629702398,1.0,0.2047171343168367,0.7033063519044938,-0.6336192452209806,0.08157136040396368,1.7389154252032208
0.044311787980800016,-0.09495853311735497,-0.4355947685408691,-0.3868874429877072,1.0,0.16806800921581821,-0.06438121850140713
0.7292802981251993,-0.1321897252380102,0.3837488154308371,0.0922374248507441,0.1105827720230314,-0.01675287625010924,1.0130209460456878
0.8468274303288654,-0.7697319443160354,0.46807090531892115,0.33387099963670064,0.30317115971600994,-1.0,3.8657250868738156
0.4623649956171767,0.4307385768431527,0.6292524400642849,-0.6331086171934465,0.4174184120584965,-0.16638478184640165,-0.3930622518941546
-1.0,-1.0,-1.0,-1.0,0.9023448874536145,0.31821118730959264,-6.413959532489913
0.8371510552441096,0.1818990918379056,-1.0,0.6775938855940998,1.0,0.06356527328683514,-2.8788251921683345
-0.7069620605560445,1.0,0.2960036108588596,-1.0,1.0,-0.9341224660679339,2.167820076803397
-0.46298615081784705,1.0,-0.23116584569451537,-0.7391890845472745,-1.0,0.3880429230898562,3.063782023731944
-1.0,-1.0,-0.6014194447800965,-0.2755935408525697,-0.1955555835778037,0.6170813496589405,-2.522546101511247
-0.2828513284252967,-1.0,-1.0,-1.0,0.6401711163200926,-0.8501863865478738,-0.1109247758867084
1.0,0.5602752347066402,0.7564194269110291,-0.7390152455467667,1.0,0.8790362248229824,-1.2897846621124165
1.0,1.0,0.5196766717005458,1.0,0.48504409937426607,-0.22573740557341615,-1.874227700590634
-1.0,-1.0,0.5848443483848355,0.03171960828163045,-0.9027657272107283,0.4723386971530415,-2.4906655914187636
0.9805087690522813,0.0575692818793056,-1.0,0.16502521149044228,-0.2676183007007982,-1.0,3.183954059461655
0.43135105021548037,0.5676413280090897,1.0,-0.37566304009192497,-0.43796228469409093,-1.0,1.3827541670811108
-1.0,-0.9877786865587435,-1.0,-0.19786469426207676,-1.0,0.8686392075389819,-1.523226698854568
-0.16027548190988306,-0.13694451542032288,0.4427345118980531,0.12834887137497492,0.02219485637191856,-0.9236806606468809,2.34364333495726
1.0,-0.2650364045579205,0.8051237872298697,0.5357230024969313,0.7895231591367866,0.8804373173498741,-3.2284340686080517
1.0,-0.423005877203188,0.8209398098646359,0.5893270695213895,0.0686532716593038,0.3049130715537538,-0.6954539771124851
-0.9199786743087568,-1.0,-0.3325496962165373,0.0076485565038439535,-0.6343404951522216,-0.4117949519874293,-0.9700796190729835
-0.8596962382477711,-1.0,-1.0,-0.8905678839695066,0.49591627711133746,0.07436536516264525,-5.959150016986644
1.0,1.0,1.0,0.8708744800257552,0.6671706330491229,1.0,-7.998052115049777
-0.7564513100391824,-1.0,-0.6766067332388863,-0.4284395359520834,0.40465893021951216,1.0,1.1219304539335184
0.6247114545045713,-0.11750351695021394,-0.7583584959001056,0.039461332814643146,1.0,1.0,1.328256075380612
1.0,0.29232738636149314,0.006339378616817659,0.18001069346174525,-1.0,-1.0,7.3048806175936845
1.0,0.17830849394304482,0.6480060764616156,0.2595985127003604,-1.0,-0.49591389131178576,5.276251923894882
-1.0,-0.5207805598367206,-0.44009511985811645,-1.0,0.34654399070358055,1.0,0.9995225740984346
-1.0,-0.42903685625158583,-0.4712792912672463,-1.0,0.6343095867110564,0.7677454026829431,1.9356533643077136
-0.19220290825689432,0.03524320932351632,1.0,0.23397523389230132,-1.0,-0.3228348593681941,-1.82590202166639
0.052442233379562,1.0,1.0,1.0,0.5661192324974521,1.0,-5.370067795261093
-0.5426138397254603,-0.5969926907664977,-1.0,0.08196061807752333,0.6929877461857117,1.0,7.280791479054246
1.0,0.07483589704104576,-0.8871067122037672,0.7350096032200747,0.00761678579547434,-0.3453970660839341,-0.5854521132768107
0.5913123105703033,1.0,0.4534875169008083,0.7490389010692191,1.0,0.6232330974576619,-2.7201931807710658
-0.34230393839733003,-0.4294756924488319,-0.7092620688093687,-0.17428901823799042,-0.5954992388844711,0.24927663585941254,-0.8851013049731749
-1.0,-1.0,-0.4784592207889724,-0.20065422103469133,1.0,1.0,3.9233263366343913
0.4540529039186019,-0.15780020687008084,0.9101289473669301,-0.5765910063858524,0.5820557041722186,-1.0,0.5017184437229416
1.0,1.0,1.0,0.5382378626538651,-0.9897087183804039,0.3935549707384233,1.777925559681405
1.0,1.0,0.03270031103856197,1.0,-1.0,-1.0,10.940699895963052
-0.13580604950009834,0.5648897662161316,0.3627821115443415,1.0,-0.47730515747171504,1.0,1.0723482790597632
0.34623765799514716,0.2629618534760243,0.3235647226109718,1.0,0.15766232891188825,0.2061022308488909,-0.7893657083713788
0.34274984804243386,-0.08645394082760399,1.0,1.0,1.0,0.7043539882592367,-3.3243313784056108
-1.0,-0.20807468872049306,1.0,-0.40139882222026707,0.3674657052252066,0.24598652030848323,-0.5809313246164961
0.24831954333704065,-0.29833547899115354,1.0,0.8775243403583389,-0.4441587405103571,0.5555424487234049,-1.2964289659092865
0.8724491621611914,1.0,1.0,1.0,-0.7054420686616568,-0.7716490151681955,4.823629490967828
-0.19336971567506112,-1.0,-1.0,-1.0,0.7627034719543826,1.0,-0.3075121523487152
-1.0,-0.3357937673023478,-1.0,-0.35308132679829907,1.0,1.0,7.895222640846607
-0.6551236955883712,0.6274138195131018,0.9491675223561732,-0.34619014409921106,1.0,0.7625898806189791,0.5090630203214266
-0.03234554463225045,-0.7188743941069626,-0.9259108740515265,-0.7053287993790622,0.2878483433834208,0.6542843582997169,0.30471519661376767
1.0,1.0,0.5906498377996203,1.0,0.7454709292515205,1.0,-3.2075031801025062
1.0,1.0,1.0,0.9209158875421035,0.5298042188608038,1.0,-8.398280935297343
0.3021064141589982,1.0,1.0,1.0,-0.3807940100895911,-0.5341659101142018,-0.7483899840119184
-0.23055452269589677,-1.0,-0.28526077439908903,0.1782498304192841,-0.4014978899798947,-0.08269833303988777,-0.7315476172426747
-0.543109209932056,-0.39210406044868695,-0.5583605326653829,-0.40231728236443276,-0.14229174356926777,-0.8864943189072927,1.5663973752005846
-1.0,-0.31163544458757236,0.13036211667569853,-0.35727867262866675,-1.0,-0.4142749133818382,-2.0339071285250268
0.37240241622836523,0.39708707821564837,0.9685631193780255,0.04751372187331815,-1.0,0.2833170120551899,0.7158933645489487
-0.035115293785435986,-0.6065398681953268,0.21388130858255788,-1.0,-0.5470190975844912,-1.0,5.347144647311737
-0.7811171573537701,-1.0,-0.8590443316594489,-0.28123359385096436,1.0,0.962149875816515,2.2019914970789753
-0.6683779040139443,-1.0,-1.0,-0.7603672981951777,-1.0,-1.0,3.188701815510272
0.8479373813006595,-0.0014987837051143663,1.0,0.42989879675786735,-0.6666505758904714,-0.5299473478448548,4.20919952008416
-0.36053935486668587,-1.0,-1.0,-1.0,-0.9100041971287094,-0.05337104878410254,-0.7466481562638819
0.13592438207916313,1.0,0.7261691462425015,1.0,1.0,1.0,-2.49715476892532
-0.08093352193216785,-0.9094455778347215,-0.6208304950422004,-1.0,-1.0,-1.0,6.326327455691909
-1.0,0.1189449761252947,0.7457744692994533,-0.24022887408460658,-1.0,0.01998615712401769,-3.042276335468916
-0.2744882220867625,0.4090554560140955,0.15199892762073342,-0.6274911533186616,0.692154640015242,0.6447482264614246,1.970396602233684
1.0,0.5426681946659615,-1.0,0.6223881786963434,-0.8807792847192913,-0.6568851180319242,4.373059460456064
-0.5379836638938722,-1.0,-0.7160891514672849,-1.0,0.5290435128368369,0.9527058418085023,-1.6621627570893875
0.852909312708928,0.322290248540983,-0.14420584848556106,-0.0872867170210368,1.0,-0.3364934642272683,-1.6656731615918354
-0.1373864109616398,-0.1707202463478254,1.0,1.0,1.0,0.49970812470005277,-1.3459157248804956
-0.9581496595798455,-0.3743041001451701,-0.39490083361509615,-0.15510751475504203,-0.11874569139829871,0.6087068031538873,0.051063095346925574
1.0,0.23775622590624024,1.0,0.44649289262377634,-0.15843633671678625,0.5042858105994426,-0.15061615515940197
0.013673013011519575,0.4658087483401421,1.0,0.2130380823394985,-1.0,-1.0,-0.26373498646181903
-0.9087871828393478,-0.1589449358591033,-0.2983083430811475,-0.831929410214461,-0.5612787605472508,-0.9768459229665761,1.020394067146172
0.14264920516289015,0.4122777823959624,0.10730532959528868,1.0,-0.9272515257293403,-0.43868255407553125,1.4706528206277114
-0.7390288092922326,-0.7256974021556106,-1.0,-0.6290619364828309,-0.1981034902493232,1.0,3.2640633466216222
-1.0,0.38783145416654863,0.025056469484126986,-0.781162621599553,-0.9288312079837708,-1.0,-2.284700385209059
0.5689494421014112,-1.0,-1.0,0.8668975529644205,-0.14429561417802295,-0.5082743057024584,-1.9195241316818483
0.28023720060880836,0.2553597184251145,-0.9182454797556558,0.164339900317512,1.0,0.6323544412402746,1.871674545527262
-1.0,-1.0,-1.0,-0.022039806840370546,-1.0,-1.0,-0.3337091130530497
0.9683970681519508,0.02139805827594321,1.0,-0.8491129310853713,-0.6732552767783662,-1.0,6.229809555893331
0.684532182053264,1.0,0.01835942797962775,0.5209387626737658,-0.8022088251596188,0.22989099420215517,2.6306848078977736
1.0,0.31734397454801516,0.13237085458308873,1.0,0.5429419239857047,-0.8029717597373335,1.534665779755483
0.7663987413627318,-0.6616364044656093,0.40127485458865314,0.8246134975884609,0.6584689324756672,0.7924947857263629,0.5421932106697939
-0.09264292211422798,-0.11772291199873837,-0.48949452085915734,0.11787089174716592,-1.0,1.0,3.476861355321371
-1.0,-0.20399865929182814,-0.5607324119140096,-0.6843264781087264,1.0,1.0,8.080925344755016
0.405679056400994,0.3488610764169624,0.14309022766510804,1.0,-1.0,0.42130430633472604,0.939539238698839
0.3261633162879488,0.6877401986141516,0.06506597809566889,-1.0,-0.07560156943963992,1.0,5.309318350322464
0.7134672530058243,-0.9230678029155501,-0.4729993151494527,-1.0,-1.0,0.47855273838684315,6.6135540300969
0.1268344894758724,0.2810987743928267,0.01792968632730274,-0.3078159975229455,-0.7596615002584728,1.0,4.595852532573531
0.992439853407111,0.09942379713799676,1.0,1.0,-0.227698194709685,-1.0,3.6123173919035447
-0.8607780724381182,0.10645801903440066,0.14704111375359968,-0.32766165127466296,-0.37261453539007977,0.72987091772855,-1.4451142847867229
0.8513718349142291,0.2545495500412627,0.5801872580504014,-0.665254633724048,-1.0,-0.05227758674923999,2.613411401113118
-0.17331053396994156,-1.0,-0.5949766189907766,-1.0,-0.6867167992407223,-0.12374829152909206,1.0323823270917314
1.0,1.0,0.7280410034078939,0.7232208198495242,0.37576196592024536,1.0,-2.847563259074744
0.7507235141080673,0.49019751485239094,1.0,0.8186144493154731,0.4645259817577351,-1.0,0.0995921059357551
0.4974302120840113,0.23926608370506025,1.0,0.42187426707341413,0.12757712355658135,-1.0,2.4398374400017833
-1.0,-1.0,-1.0,-0.3396610702461238,-0.3708740247849811,-0.6405071244347951,-1.4764348896822457
0.19006188364234788,0.19506058047158936,0.5130531815251406,1.0,-0.5772238114990731,-1.0,4.1999062668667975
-1.0,-1.0,-1.0,-0.2640599625159732,-0.05851507154199931,-0.2817689263677674,-3.9603197382437347
0.05945594678813215,-1.0,0.8001413281923527,0.1931681631868362,1.0,1.0,0.6735945345109192
0.8880096126816166,0.09955887685182474,1.0,1.0,-0.004540926123698913,-0.11601724405104186,-0.5877495562881347
-0.8340928433589501,0.1083011533565682,-0.6788284431283074,-0.6900712285475694,1.0,0.9504678797793598,7.778225913837179
-0.3247965460452604,-0.08966050753724816,-0.32168308872285795,0.5766497725076658,-0.8930321421968193,-1.0,1.520435400401171
-0.7205123429033318,-1.0,0.5454453590174421,-1.0,1.0,0.343175737847202,1.1803902253365661
0.7387584290021278,0.21763276805169474,1.0,0.03271066874338313,-0.11959601613960469,0.607078620724589,-1.7094280220983489
0.7762506131442717,1.0,0.15230001419627437,1.0,-0.5099044919720077,-1.0,6.843969889253565
-0.14129003998097756,0.7506677140209886,-0.13151265305832915,1.0,0.9392074027443891,-0.940464962506054,1.4251441835441452
0.21532984555389767,0.015525324743850918,-0.4564718306793921,-0.6764317217415448,1.0,0.5936920890613242,0.7104515502529719
0.1908130127127854,0.8114707540256274,0.10336709057622095,1.0,0.7635297680099403,0.158726393734608,-0.19864002238981182
-0.3171087936990822,0.15101753903297188,0.5652195635855999,0.11470187278037416,-0.7398368854966813,-1.0,1.2872415432677125
0.4462571854068954,-0.0917710263178434,-1.0,0.9089880720993959,0.2303384699551556,0.5918542976999077,1.0567356586103152
-0.09087613525713442,-0.20443154660296733,-0.9495775228449475,0.45418304372087626,0.45082336995499667,-0.18695145241243938,-0.8658904362820963
-1.0,-0.10173514552456242,-1.0,-0.1650667297136068,0.5695842768615015,0.17537771036324948,0.3219255809091376
-0.8229286041918825,0.6906371614795077,0.14660810493769594,1.0,1.0,0.43542063911452256,1.9498583291417073
-1.0,0.055330814046309046,-0.4550386065825247,-0.1759068545718091,0.10018778513738477,-1.0,3.250485928889358
-0.2873205062079166,-1.0,0.3401382278131764,-0.09858191498906527,-1.0,-1.0,4.8282322424481325
-0.6497932838430616,-0.7421123719501587,-1.0,-1.0,-0.16576832924293222,0.3189800023136966,-3.9589110544475767
0.459071299292959,-1.0,0.7894737209802876,-0.6401360072014348,-0.6605933582042585,-0.9851333533440123,9.856106163523894
0.8693895347687055,0.01959329196141365,-0.22372126274332896,0.5340510533126206,0.8650181941751512,-0.41919997312312773,-2.147616386687767
1.0,1.0,1.0,1.0,-0.19944650467993907,0.12345518754035667,-0.9246695680364625
0.028462705723490665,-1.0,-0.663710034255554,-0.747858274420157,-0.47834677913547274,-1.0,3.200146525282434
-0.08449969984737071,1.0,-0.7987140774819416,0.48491039342784603,0.22839971716495944,1.0,8.493997181226616
0.6204191203648195,1.0,0.2933932665178982,1.0,-0.44199444030379065,-1.0,7.101833200322812
-0.13066781349028617,0.7666663947235304,0.7859431054775895,1.0,-0.6311536399343995,0.44921493469303464,-2.2881605298652095
0.8599850289628148,0.09113054387412495,1.0,1.0,-0.6910796273352147,-0.6480049524400219,4.134133906832407
0.8125953864400557,0.7625527001170352,1.0,1.0,1.0,-0.30780859069454947,-4.433491350396018
0.8006383136563026,0.12976065141574566,-0.42645751119811653,-0.342563718292304,1.0,1.0,0.7614223722178055
1.0,1.0,1.0,1.0,0.8690668767595344,1.0,-10.29704671982511
-1.0,-0.09299466554296654,-1.0,-1.0,0.3367154862821288,0.7412661801977911,2.3208157327548715
-0.15752579304369818,0.9670816393964681,0.5130127661475794,-0.2660900542454264,-1.0,-0.7086477546712895,-1.3496366623307636
-1.0,0.21176778144702002,-1.0,-1.0,-0.3604747158517738,-1.0,2.893838139873835
0.9960065457806861,-0.07220742684013581,1.0,0.3094455984344744,0.00507470414436928,1.0,-1.8909537295075212
0.31203052809176146,0.5712551080219476,0.3243432251321088,0.26445014348029305,0.2524345294746537,-0.27215865876548617,0.709637582078993
-0.12746903220968075,-0.2372285850368589,0.3100360771351959,1.0,0.9888207518089873,0.6105480487117279,1.6495660464466235
-1.0,-0.3006601048769926,-1.0,-1.0,-0.009665350880641244,0.4774919901971149,-1.9491025236130706
0.7745826521628968,0.37311089941108166,0.41405911533923967,0.37711640229153276,-1.0,-0.7237636773506495,4.394935437115362
0.055414669216655055,0.656419533378974,-0.35985872741339847,0.2333683386009474,-1.0,-1.0,1.620861771189477
-1.0,-0.13614279615913571,-0.9451004401878516,-1.0,0.15414818080454418,-1.0,5.267758105483699
0.0065071755192396274,1.0,0.7921722258788704,0.6837458028077505,1.0,1.0,-1.0236701856659
0.0654459027177261,0.3572464731279422,0.2715731063061566,1.0,0.6909800021856842,-0.6332841404711337,0.9439398398007524
-0.44597161238861993,-0.6564417402291085,-0.45339114894728083,0.7353852336766233,0.762363838413238,-0.838495792339285,1.5483205054149636
0.510121304381521,1.0,-0.4803961910564571,0.3013093749866708,0.6478522666108004,0.5770876980538007,3.0956877776300185
0.21486761602701016,0.20188956475797082,-1.0,-1.0,-0.7028578182064821,0.3707744682225842,0.7460440110605879
-0.5494130690640173,-1.0,-1.0,-0.9213184794528834,-0.24159530865770074,-0.3609701144649713,-3.4323027357099027
-0.1034220672329045,0.28252920831266215,-0.5480018909329065,1.0,-0.5431013910854696,-1.0,3.159333522244102
-0.3815396318941986,-0.9977569863733049,-0.8669481018071523,-1.0,0.13798640517283622,0.6781995871126891,-2.9788546524989377
1.0,0.972491701716389,0.9392572318781127,0.7621155003631703,-1.0,-0.3423751838636364,3.695337708150528
-1.0,-1.0,0.28648620149549076,-0.6759326149126973,-0.1725587548619858,-1.0,6.124484400472142
0.208010133555558,1.0,-1.0,-0.7389685573808881,1.0,0.5834961409370223,6.484647072772614
1.0,-0.6057036536389253,0.06948162699306693,0.01646070165844049,0.8114257647348035,-0.8433102913471684,0.5313758581326162
0.1939446919656619,0.5973814351484241,-0.21933093714568147,-1.0,-0.36149174187321287,-0.9322865497002559,1.3767760773002489
-0.8381210808193363,-0.8321872227254633,-1.0,-1.0,-1.0,-0.3346101007574218,-0.48210847972381426
-1.0,0.2346154205969609,-0.4575037489880759,-0.6430575429544173,0.7110515264803865,-0.6512700251334755,3.383008227310715
1.0,1.0,-0.5275637576751777,0.9218757175610482,1.0,-0.4136494335504701,-1.8863299772951476
0.6520247305425453,0.4893716336961299,1.0,0.4053363304329013,1.0,1.0,-3.8416771965270713
0.6909135658798389,-0.013851878462865841,0.09183948413523413,1.0,0.2044740776203901,0.9018480214453813,2.4542182406530095
-0.40922266329207235,0.4641590766245367,0.10740922972142009,-0.3404400176674811,-0.11569495548863684,0.5943248029790545,1.1132211774624925
-0.6356981483523154,-1.0,-0.12134643683141916,-1.0,-1.0,0.1313312910851403,3.9485016301452616
0.32413137902997347,0.8693233526381767,0.846226456727933,0.41570076929821326,-0.7211382421374268,-0.17017669480383701,-0.2704384512919069
0.5940167176372718,0.2227875980211403,0.7633531847057591,-0.3733061105151083,-0.11194868954049533,-1.0,3.2929815880224367
0.7948497732735411,-0.3567810641805926,0.4209579748678998,1.0,-1.0,-1.0,8.22638568755891
0.388208097667356,0.31247579549856874,-0.7876249869193864,0.802126750945666,-0.08507702730345801,-0.7318905812272662,0.5852362946978135
-0.8874898501370648,-1.0,1.0,0.9828733105639735,-0.5813907999677121,0.7949574121901275,-1.1052219104107657
1.0,-0.04676189392669766,-1.0,1.0,0.10698505013161985,0.8801699583023973,2.126119006009887
-0.7092369749832036,1.0,0.019950073474616303,1.0,-0.8876315498960989,-1.0,3.3410650594433635
0.27266417631345014,-0.2988981900785236,-1.0,-0.457251299818203,-0.07883279536387511,-0.7298560595582936,0.4835882696425723
-0.7580257656426947,-0.8162032153379599,-1.0,-0.11844952167808565,-1.0,-0.10370237817261807,-4.637890058663755
-0.19700034024981217,-0.4318255875482411,0.8781421586284538,1.0,-0.19086158814935988,-0.6625162561337014,0.5534598186684309
0.28866046824838687,1.0,0.12495300271588006,1.0,1.0,1.0,1.6717676316155674
0.18178137433713426,0.5062667698361549,-0.4056348114842139,-1.0,0.1470060458823309,0.3425723281191215,1.0203008634885684
-1.0,-1.0,0.12364194197573541,-0.1904024294992468,-0.16399311719907872,-1.0,4.159187373390976
-0.9079697106051918,0.43173976870551733,-0.41609450929087655,-0.5885077934038175,0.7776258372175033,1.0,6.738813227987621
-0.11565683094211288,-0.08912399354611,-0.7178307529732983,-0.7395039877437772,-0.14962230093489226,-1.0,1.7453560904007537
-1.0,-1.0,-0.45198091494843884,-0.8650596870733733,-1.0,-0.0688876363562512,0.801442483034133
-1.0,0.43737336441032887,-0.6714904100451673,-0.13880470257652378,0.21540024718557782,0.8573352926678801,4.272074598803732
-0.6493341045357411,1.0,0.21305420083054638,-0.9026961321160215,0.8083405554361227,0.21860236464866323,1.1420339498876388
0.5168032055000187,0.5841385194640529,-0.9552472578165094,-1.0,0.8818116175780436,-0.28876234171781784,-0.8311608685047983
1.0,0.5092621695701354,1.0,0.4530337427834956,0.44773976058007003,-0.7210599607045167,-0.3554429195263966
-0.7311910361621585,-1.0,-0.032230697855868184,-0.3486365105138456,-0.27667847107767396,0.7750874723366712,-1.2221994336257784
1.0,-0.530318913312044,1.0,1.0,-0.052409815348259114,-0.7820818677278736,2.572716195834443
-0.3312913077542783,0.9299945926055992,0.07865278557020039,-1.0,-0.35793488644016336,-0.10907619396845525,0.1245080790439344
-0.6864740312344799,0.594753888426252,1.0,-0.6762096405325375,-1.0,-0.34414522493800226,-2.3736022961069096
0.2002739028568338,1.0,0.9530281650969228,-0.20854486236737735,1.0,0.8764751033969602,-0.4223941659048235
-0.6475620508366531,0.9167149824887258,0.6365863264672749,1.0,0.008778330769019682,-0.21488457249789017,-2.3660948654157448
0.1657977292457924,-0.6604357932305133,-1.0,-1.0,-0.3863457279237185,-0.810705497185873,2.243374047221351
0.17873205464853764,0.5992184579365615,-0.2171925081911636,-0.3867301000575945,1.0,0.06686824240120215,0.9094633363310279
-0.7631197070126152,-0.8592933187740946,-1.0,0.52480813149404,1.0,1.0,6.32704996150761
-0.6405867014728133,-0.38208949306436324,-0.4587242675050094,-0.7837310198287597,0.4372327405589489,0.17928702939441127,-0.2906138028850723
-0.23010520495726172,-0.7454518212690486,-1.0,0.10213655387648019,1.0,0.6100055422679316,1.0793358637372603
0.8530701672925478,0.22863533594066,0.8767337147380827,0.27132382073166506,0.4586325169921739,0.6784581022460916,-2.865173947201262
0.10438033077034925,-1.0,0.6441949338387358,-0.4027797460463934,0.006558381271053126,0.25807053391725515,0.8481549167740309
0.301698693604182,0.0598433219349169,-1.0,-0.6642462169008364,-0.9551965980152641,-1.0,2.0053231160964566
1.0,0.6855163456697706,1.0,0.005708510637594033,0.603607438690201,0.3532886967854923,-3.749228174217075
0.38538416060921743,0.6729315472902221,0.45444956003848985,0.4811018975771244,-1.0,-1.0,5.1604345068260695
1.0,-0.15080739123441217,-0.9994594665437285,0.7896892881149888,-0.07749934801234631,0.17238713803701372,1.2978458301806342
0.8389295097111823,-0.47268944885427444,0.4000323324262477,0.4631267552931937,-1.0,-0.4405972615991185,4.068925591888833
-1.0,0.6379014787659197,-0.7384798182950914,-1.0,-0.5857641096374858,-1.0,0.07849185524463267
-0.1362580618223762,-1.0,-0.003484017806515194,0.38151201206276775,1.0,0.4390581255230743,0.2365801027976222
0.11955722986585471,0.19078921206016464,0.8170516094104132,0.6501678732498781,-0.0997244993266112,-0.5872818277061909,1.419836332699886
0.48647624419186286,0.7041390384466091,1.0,1.0,0.059166178829811844,-1.0,0.6378859541819032
-0.035152899685242045,-0.4001153964196529,0.7804677052159987,0.6164590622655042,-1.0,-1.0,1.7864335726628457
0.5539046458189886,1.0,-0.5016386738590585,1.0,-1.0,-0.1958538053197576,5.460932057548895
0.37490720764483465,1.0,1.0,-0.3069511073223047,-0.13125987714326615,-0.7590175055375927,-2.232645590038549
0.17483115450303618,-1.0,-0.6133988383880269,-1.0,-0.8094763333991202,-0.45226003109020185,5.0098677534901475
0.13275520905906696,0.48515840056122556,-0.09359334338047243,1.0,0.12836852589507083,-0.17947009976636885,0.8414391671329888
0.07788737021182546,0.6690878163360079,0.2763686398017067,1.0,-0.2131824538902602,-1.0,4.564232107952213
0.7286348095850301,0.0987076742954025,0.8924148720653879,1.0,1.0,0.5168504591357996,-4.9010448929688835
-1.0,-0.48131405040765185,-0.1765624419156379,-1.0,0.24556496663101235,0.28469695815507834,-1.5724111836119528
0.011219645244857746,-0.620439447335186,-0.32305300343741794,-1.0,-1.0,0.22992703111823076,3.4525661323954506
1.0,1.0,0.9407245219792992,0.13003731861195922,0.942262967593839,1.0,-5.654277812020327
0.5024711659422616,0.06709582994776145,-0.1407095746917586,-1.0,-0.44842521378212463,0.02629594263520968,0.6625435406120401
-0.9961776865001083,-0.09851443588396169,-0.6720899088170724,-0.3173234691999762,0.8656855155015184,0.3984374695488583,1.7973506673343784
-0.435866353704913,-0.591287774331833,-0.04526344243248592,-0.728826663310916,0.09685829082639053,0.5721285600805428,-0.7697957129040516
-1.0,-1.0,-1.0,-0.7398524829095325,0.3512832588192878,-0.5397298072101149,-3.1125524237168776
-0.8524716943690657,-0.6198053773671368,0.5985476767103408,-0.4076487102302452,-1.0,0.046276540929860444,-1.1279695219336632
-0.6981019804320402,0.3335194863805985,-0.775457422691441,-0.004660623580193035,-0.7555935327475884,-1.0,0.6639392868464535
0.28000905319233405,0.02223928145210885,1.0,-0.8295835256432007,0.9139007374852239,0.4115183890555677,-1.927952642886352
1.0,1.0,0.7218849606092994,0.8973928008551997,-0.30936891109824716,0.1558729251647875,0.45236525141159667
0.2852559193716261,-1.0,0.5691266888455224,0.7658821451139359,-1.0,-1.0,6.396626551275458
0.7328608701919234,-0.32776745481100167,-0.6093833651941488,-0.3355705376381999,0.353990527775379,0.7396822798937911,1.3384351292209367
0.20728359299287122,-0.05786079542900169,-0.42234510193533636,-0.17300013776542017,-1.0,-0.32278486039175314,0.6750728826114858
-0.489570147834437,-0.5670201052097621,-1.0,-1.0,-1.0,-1.0,4.054205798831199
-0.0768123395324476,1.0,1.0,1.0,-0.7728409717341066,0.010608086030127306,-1.1450746480156844
-0.9438332452737181,-0.9745375063286066,-0.1388586936412266,-0.30122971833958534,1.0,-0.898839273251393,6.062289923291923
-0.2312717014430734,-1.0,-0.8928075315803934,-0.11915211234599266,-0.2563266546099946,-0.7293293521570561,-0.8119699086362386
-0.8881682094691319,0.5003820498000606,-0.721051583003748,0.6066559122994141,1.0,0.27172250290655575,1.359645085180247
1.0,1.0,0.176003738258818,0.660055057407348,0.023155407675029827,-0.8294128740067847,2.8518290362659675
-5.6606351662047416e-05,0.7776744082795288,-0.6871971613416576,-1.0,0.7770010446278004,0.13675952984551554,1.7411082424268154
0.26877412693548264,-0.9739067260793934,-1.0,0.5583501057265876,-1.0,-1.0,1.2219965920169553
-0.42952910047186466,-1.0,-0.4662398249683237,-0.927155236063534,-0.7233990354430005,0.6869317198596483,0.9495911910917856
0.05320129843401489,0.42206962292378086,1.0,0.7376006697723076,-1.0,-0.870002771863462,1.348549537933307
-0.8618193568909875,-0.09238358756695031,-0.9657214663115901,-1.0,-0.6038912798927418,0.44952039161671764,-0.5185021845380321
-1.0,-0.8935282970165415,-0.48991221682954755,-0.9362456908277159,-1.0,-0.568181288344636,2.528879926980433
-0.4326858912403295,-0.2076703188533447,-0.028989345381345233,-1.0,-0.5188998536915774,-0.536145386562531,0.8779950863747548
-1.0,-0.7029770284261438,-1.0,-0.9568549814520627,-1.0,-1.0,4.254623953167817
-1.0,-0.5343061347136051,-1.0,-1.0,-0.22167013964545812,-0.3330882370363981,-1.056472187436384
-0.5942046464625811,-0.8419374989659062,0.9109421977034057,-0.25924388923223773,0.18418047789738318,0.28677581627427684,0.4968681854620907
-0.44655095428586167,-1.0,-0.36635583819816553,-0.8938037732865787,0.4100441640526532,-1.0,5.256642249778721
-1.0,-0.14320438432703564,-1.0,-0.6542642398566294,0.6751785795798964,-1.0,7.156341301954011
0.1800245085739859,-0.10254696659316442,-0.42061934749340946,0.24897287582592342,-1.0,-0.14387446929446168,0.66639866951721
-0.15632855264821344,-1.0,-0.2863247217806858,1.0,-1.0,-1.0,2.38006989306744
-0.7719346177293342,0.5156438947547574,0.0748127249885524,0.23363131165413992,0.22635140069841397,0.8520660774779307,2.0683356568295634
-1.0,-0.4043998363681468,0.09280384117761109,-0.008016402611965345,-1.0,-1.0,-0.521204175430591
1.0,0.7983234362804152,-0.061690830579117506,0.20949440681228332,0.02061629681242294,-0.9701764875800594,3.5574863647344337
-1.0,1.0,-0.4697185518541059,0.4039973676085524,1.0,-1.0,6.4705385876373285
-1.0,-1.0,-0.8504133513558629,0.22698466868260447,-0.0018090152895570144,1.0,2.203026419264556
0.04668180369373165,0.8067203259817471,0.5710575842489026,0.39961055085222263,-0.9622620241128061,0.38756526923549556,-0.4963180897108649
-0.027151447085438374,1.0,1.0,-0.0651803623367376,-0.2904660301030235,-0.6462986050312773,-1.6444248631067266
-0.6613646810714601,-1.0,-0.7691740687866444,-0.7630564227286416,-0.292405730371494,-0.8724553512271601,1.5096454791265672
-1.0,0.32101205567829383,-1.0,-0.520027688939752,-0.3508074608418621,-1.0,4.2561985698885385
-1.0,-0.19389345841938627,1.0,0.3468452246539674,-0.18651606330789738,0.18794892352967918,-1.7863262924747283
0.45996551019138465,-0.35166941331980467,-0.5334676108211037,0.43757813358483155,-0.21352501566169713,-0.947010967455123,2.192455060766881
-0.8487044102267051,-0.7624539215977553,1.0,-0.1642217594705941,0.2260965940861718,-1.0,5.2051020817977465
-0.16778604513034867,0.2997490516797689,-0.7642556888324713,-0.48166683930943077,-1.0,-1.0,-0.08296583278013409
-0.22845676105355434,-0.3177631018956959,-0.06496992786212424,-1.0,-0.1264565953337315,-0.1863023438902558,0.14584842708037166
-0.9752312540388104,-1.0,-1.0,-0.41543616599703537,-0.3668827646591626,1.0,0.06130752913303783
-1.0,-1.0,-1.0,-0.3630229727881036,-0.5366791575081853,-1.0,2.2175038949115597
1.0,-0.6821783355091064,0.36907566653275325,0.38164170782415646,1.0,0.11437790461988373,-2.6726794217124388
0.12420961270032882,0.6448824732480538,-0.03371411696759627,-0.22476076434182934,0.4412522525579764,-0.3631416978741186,-0.2568958987611655
0.5294175478841912,0.5429607449375912,0.8688773498931424,0.39071115924701383,1.0,1.0,-1.553994455747976
-0.044566677543278366,-1.0,-1.0,-0.7605976124628,-0.3583423665158174,-0.6953311943422616,1.561334158204315
0.42448207500423285,0.8847639686768635,1.0,-0.2911744151329593,-1.0,0.6805866750561623,-1.727567233583554
1.0,1.0,0.6560232033728468,1.0,0.39163869013492736,-0.22921316723179683,-2.0577162631113084
-0.6871497203924319,-0.14118117330378988,1.0,0.41960317023977434,-1.0,-1.0,-1.12859280315331
0.36130722301954654,-1.0,-0.1825837875767824,-1.0,-0.5643296273486352,-0.9401201242092256,7.4104910155117
1.0,1.0,1.0,0.04477929061183561,0.6936974336388879,0.6484956008124098,-5.938707800414911
-0.04054100095346702,-0.6062700714836159,-0.9195968866419164,-0.8406544851760356,-0.9056569156030363,-0.5631409236258291,1.9834470561431548
0.9247667715332458,-0.6655733990657446,0.7755931227555141,0.7296418314644033,0.3528110824622507,-0.02008980465453042,-0.11026971774235361
-0.4687122109753201,0.1785199694182823,0.39247764830632614,0.2741827885701711,-0.8162111328963748,-0.1974306342065717,-1.2881431691918217
0.16366099895432173,-0.03868860033021981,0.04298495090035431,0.33508638984459316,-0.7042395072865488,-1.0,2.2027744237500437
-0.3498764258914028,1.0,1.0,0.2432597857804037,0.030768623234647352,1.0,-4.209366074918934
1.0,0.09100010316457396,1.0,0.3904531525156749,-0.762103937313081,0.2638789820655101,2.9675713742973873
0.007711440646268719,-1.0,-1.0,-1.0,0.42852668182930387,0.3007317769340051,-4.168431718482093
0.5861377295796737,0.8697180189458242,0.5414877213677047,0.8673160653922307,-0.7697642013819086,-1.0,5.934725786238616
-0.6047795988075997,-0.5002665471392618,-1.0,0.2240750597880734,0.26266711464363296,-0.37309147582391744,-0.5877732532107105
-0.0642812086434188,-0.3135650648327491,-0.3423641801364885,-1.0,-0.2084379239744899,-1.0,3.288905340166348
-0.22700778031873725,-0.2201291546248466,-0.13918734681547215,1.0,-0.44234546844463635,0.596422488773784,1.0908745929647623
0.8252724107529569,0.0056835400342940545,0.6481538260656523,-0.02627799428832045,-0.08964693954841851,-1.0,5.091749317803345
0.7238912783498752,0.09975347014428448,0.027417166435808493,-1.0,-0.2547975607278057,-0.5562752530539972,2.517849740458937
-0.09604794454491117,-1.0,0.21887801081538782,-0.3523026299059909,-1.0,-1.0,5.794721694792924
0.388987080147396,-0.7299758622118447,-0.17496341304194657,0.1492136899751737,0.674060346183976,0.7492093751129139,-0.6330258794351108
-0.348283059401584,0.23029028797786597,0.4848239111552873,0.3755451476772822,-1.0,0.15475012147915645,-0.5234075583978448
-0.7738045373268214,-1.0,-0.24112079661141572,-1.0,0.21376430307978977,0.36353657911928194,-3.1726007297371632
-0.49587834370698136,-0.11389632135476264,-1.0,0.23811047935737525,0.4094701161301937,0.43185015321024156,1.9066266583390434
-0.6061067061135554,0.8220400696655914,0.5199468369100051,0.8234833583746259,-0.3859038076385661,0.9724435762086685,-1.7802547409848715
-0.6746887581046745,-1.0,-0.28987767545149024,-1.0,-0.5025394622161241,-0.09743588370904206,-0.3118418810989024
0.6570392363406168,1.0,1.0,0.8572557830125664,-0.34971867273368107,-1.0,2.8338078519136305
1.0,0.7831632042011583,0.1780719982356922,0.24839011235262154,0.7438150865778557,0.6740165418585133,-0.7975119494774483
0.27888130263610034,0.4996495088224958,0.9442584379900929,0.6012968235556102,-1.0,-0.9102678611473177,1.848494444331111
1.0,0.49389285501689595,-0.10060020272633485,-0.15187889090338832,-0.013296319127944267,1.0,3.3531708711357515
-0.48237842867921726,-0.02718640195636557,-0.15495461294372195,-1.0,0.7960461212754939,0.32561374008105604,2.373892382407349
-1.0,-0.40726661213044,-0.21496001500148143,-1.0,-0.9555514538584642,-0.8237177868667366,0.8744927105048664
0.23151481991824985,0.9570144600334184,-1.0,-0.6115096691448967,-1.0,-0.08760925074264467,1.882601376509856
-1.0,-1.0,0.7858981553151546,0.8787354428553644,-0.6574237974953923,1.0,-1.6718791133166655
-0.9045835180530032,1.0,-0.12415685838558149,0.16207086574666119,0.23085841866537177,-0.9856175337423113,2.9266088370642382
-1.0,-0.5589599601672386,-0.3082412218513415,-1.0,0.9233725318602373,0.3951304204931818,2.8154947878146706
-0.15469891159409843,-1.0,0.06803722742620633,-1.0,0.9148412321348696,-0.7450118602011955,3.8712556208343685
0.5331384601403575,-0.27683351703295184,-0.8539127499578969,0.5159998178628723,0.615974959605623,0.944912424825592,3.7404856901454924
-1.0,-0.21132683505973482,-1.0,-1.0,0.4124990179326732,1.0,5.142087133840347
-0.582248844264041,-1.0,-0.8579348949273231,-1.0,-1.0,-1.0,5.799556459493845
0.11702244382616567,-0.1133543185360231,0.8546373493467819,0.952904981277278,-1.0,-0.06505728126620292,0.8221488459313471
-0.7221435703038723,-0.8296935486084376,-1.0,-0.27687007931563823,-0.5781559548953557,-0.5805738405718326,-1.6174657505537884
0.29290575873257757,0.2541850283837944,0.615149874683559,1.0,-1.0,-1.0,3.5516023757942006
-0.8824785360452774,-1.0,-0.4189928589646491,-1.0,0.7967624705531632,0.2559364977551885,-0.9797468540544385
0.7788951717172445,0.7635284365579758,0.18378429523052198,1.0,0.018919049253105613,0.3346563324256989,0.019985883757852558
0.15940780786252828,1.0,1.0,0.45839918728654316,-0.8407046122944442,-1.0,-0.17212030798861705
1.0,1.0,1.0,0.06019156479025134,-0.6978306824632956,-0.4449401528537611,1.3152313891534584
1.0,-0.4147687759523167,0.5605036723447456,1.0,0.027350983719107033,1.0,1.1719631361622267
-0.9009205188936465,-1.0,-0.2512541804121019,0.32538863829342846,0.5672704141969925,-0.7088450850150296,2.779279123491104
0.5924893334472785,0.7533977114556636,1.0,1.0,-0.14820473290697883,-0.09493319445599435,-0.909746441167935
-1.0,-1.0,-1.0,-1.0,0.6249250389987167,-0.05389825287638761,-8.055190078181216
1.0,1.0,0.2811169622288112,-0.1624453376260343,-0.590402544740715,1.0,6.656893322434794
1.0,0.6568435807686026,-0.16966045577059544,-0.7046329294242103,0.1793458059929537,1.0,3.636774689258482
-1.0,0.21495844541180056,-0.20547997072832214,0.10201378497860292,-1.0,-1.0,-2.259685850651062
-0.005522278648999734,1.0,0.6820776932970966,0.14951577755216733,0.9963848703665246,0.46656498504767185,-0.60897203770059
0.32998574121895086,0.8018916911388045,0.8426845199743023,1.0,-0.14519290376856064,-0.006889001084634305,-1.145796502409198
-0.3527105321913069,-0.3175198935123876,0.37448242772155205,-0.3098268747646582,0.17981090263067878,0.814335202661526,1.3394106788283384
0.5913949029146878,0.7493723708994982,0.14281512647552186,0.9396818666981104,1.0,1.0,2.2374226382325055
0.47124173243437945,-0.44752015094168557,1.0,-0.06563356671050413,-1.0,-1.0,4.766082447315997
-0.055371513089812086,0.3269627312021716,-0.9475701987637816,-0.3802118749974617,0.577363112666143,0.3592019145412195,1.5356441425321976
-0.052187926195380006,0.28426992064808676,0.5969514665654474,0.2727975115603979,-0.046890717821469474,-1.0,2.996107536140982
1.0,0.726888050400895,1.0,0.05861722788647028,-0.18388358510667374,-1.0,2.7937921503184713
1.0,1.0,1.0,0.1863321634094266,0.4660878474011841,1.0,-5.227720899360754
-0.13731714947810453,-0.616658799194133,1.0,1.0,0.5075540660217308,1.0,-1.8076124907320534
-0.30992066183579153,0.7235781381489593,1.0,0.020178945064433518,-1.0,-0.12157348007603108,-3.8600331394373155
0.605811028695093,0.477574877812858,1.0,-0.5642864739020959,1.0,-0.4124026806822918,-1.0373820416606727
-1.0,-0.6734609444136411,0.553747215413769,-1.0,-1.0,-1.0,3.0200149081954994
-0.6090203982203575,-1.0,-1.0,0.11305632034315899,-1.0,0.6595241067883572,-2.5074268906162476
-1.0,-1.0,-0.6702206741556032,-0.7431502682118365,-0.1932375664381797,0.7289491563325878,-3.8922269371630525
-0.6672152317090547,-1.0,-1.0,-0.8734688059408604,-0.2762816443303817,-0.4312360333161779,-3.6304476400167847
-0.677915801036085,0.8740139836568708,1.0,0.24452747694288568,0.01513868324788302,-1.0,0.4920949759264011
-0.03895839170486887,0.6609919283117749,0.7186429075330976,1.0,-1.0,-1.0,2.774457760554123
-0.8853512026547461,0.5907893592539747,-0.407101252702075,-0.3969346922713818,0.029206496367261303,-1.0,2.9338630053784693
0.041399816493541186,1.0,1.0,1.0,-0.30441598626426924,0.6762660142816729,-3.821168945068965
-1.0,-0.2556331280755182,-1.0,-0.23634336013611157,-0.8827191068529487,-0.029222304996149306,-3.0510107136318103
0.2948754483771553,0.47792844110705857,1.0,-0.4479850444641228,-0.26469633570426,0.4286835284420609,-0.5867821019057538
0.9387974817529635,-0.071974949296498,0.05472630267009282,1.0,-1.0,1.0,7.859597073817725
-0.2744086315151577,-1.0,-1.0,-0.39815114458821865,-1.0,0.4274070278302274,-2.2842305261072506
-1.0,-1.0,-1.0,-0.19942616751600495,-0.48044097330006313,1.0,0.7145287768399866
-0.8350394969228395,-0.5179532305888692,-0.5323420770458516,0.8465813263185897,-0.2522320097310139,0.8338068796574727,0.983496859248013
-0.30468059541453,-1.0,-0.2009644007085576,0.4793403368313866,-0.3212794704306927,0.0281892245306421,0.05824853420493703
1.0,-0.9299103453911607,-1.0,0.05529607173355408,0.34493368914205247,0.24216501698179466,-2.461465393227065
0.6781524146749278,-0.3992562586855061,-0.6596347302054049,1.0,0.6220711357311254,0.5286942443973996,-0.5815106169590881
0.7563737915093076,1.0,1.0,1.0,-0.32675474077647554,-0.13177646645216157,-0.17065714509442792
-1.0,-0.4908336170026877,-1.0,-1.0,-1.0,-1.0,4.194912609759629
-0.7485164904702474,0.3165501410192455,0.17727463807688362,0.12281405332870553,0.35404608534538495,0.11006371028247752,1.2601766842173543
-0.6383263356025184,0.786177494787589,0.40732850047457847,-0.23210692213218653,-0.9270427235989578,-1.0,-2.2427397101546407
0.522599053556552,-0.05629809754540205,-0.48305809732684934,-0.28894874719483044,0.44130924871237487,0.02696764836188799,-1.2572700685717086
0.46130491622980174,1.0,-0.5869752601473105,0.7266596309515724,-0.16694121514638577,0.6205377991953813,2.617468087786614
0.743635342893016,0.2846087034217595,0.6685221540885924,1.0,0.7034090185465893,-0.7816447360166542,0.004399680767226986
-1.0,-1.0,-0.5712437631454372,-0.5838370301545506,1.0,0.386720309233648,-1.1596090082510417
1.0,1.0,0.6267831882160573,1.0,0.7776762216855901,-0.43029424926759646,-3.3424210501292526
1.0,-0.0036365857697700024,1.0,0.5846360779757815,-0.42381244886550185,1.0,-0.13631427551704958
0.009983132637168102,-1.0,-1.0,-0.0022820476984239946,-0.6306547870791237,-1.0,1.2058077073387306
-0.6554071340314578,-0.4661127680564482,-1.0,-0.9995753137912975,1.0,1.0,5.783783982617896
-1.0,-1.0,-0.6752841846702361,-1.0,-1.0,-0.15293555128059477,0.15774680176574563
-0.8501774756900642,-0.5583417634597518,-0.5634909506387678,-0.13549163592943514,0.15552266325945785,1.0,3.2536870654779784
0.9723124031525308,-0.014681008939249285,0.11052893633877348,0.22157755080743347,-0.46175657228157313,0.3486670805166864,1.3825856579631848
0.1537647404692305,0.3672458102392941,0.18668782267064893,0.7143333028057355,-0.3414374900826591,-1.0,3.7644583577283273
0.5382724471505336,1.0,-0.031367803597564026,1.0,-0.3250868901303563,-0.6420384801316772,3.9568186832564893
0.2856589335892835,-1.0,-0.9566621732451874,-0.8602576263148803,1.0,0.7709363997362604,-3.8403263645985746
1.0,0.6685006030209346,-0.0992482494781759,1.0,0.7347556764805019,0.5661180688335918,-0.8170561594866741
0.34240557302395036,0.8799349927659014,-1.0,0.2577782974991106,-1.0,0.4354603127002766,2.7885366540640817
0.7295687682913239,0.15582338031958787,1.0,1.0,1.0,0.9072638040496912,-5.290183385000601
-0.17849147035519664,-0.6157351315589805,-1.0,-0.6949296835484395,1.0,0.2564960857355203,-1.144760067356531
1.0,1.0,1.0,-0.3314808761288926,-0.028300974665646406,0.27172273998879376,-2.5850630938443517
-0.5732661201512184,-1.0,-1.0,-0.4186051138042082,0.5205839090564274,0.10602518292091268,-4.13366488652602
0.7165064871635962,0.24015761253036483,-0.5024186524145968,0.6780184833408426,-0.49990720964690527,-1.0,3.950053240863772
1.0,-0.6493787297081269,-0.3561465937666443,0.4388841725160869,0.3454244835869258,0.029228427745141228,-0.30872648158129
-1.0,-1.0,-0.4945888697862082,-1.0,0.31420831484694056,0.6793392466333875,-3.6556661387598144
0.44342224679388587,0.15495774349706137,-0.16478306956370944,0.3429082356342045,-1.0,-0.4794183785025421,1.6355160423471773
-0.8014365266737105,0.48355548151773753,-0.07771453239537815,-0.26307424093087983,-0.0396681807425773,-0.796444912032638,1.7192117647150134
0.12657707724204775,-1.0,-0.7973171522600508,1.0,1.0,0.5829662036955083,-2.651766022691533
-1.0,0.00877028697337312,0.5766851091626845,-1.0,-1.0,0.2404290255076766,-1.3914372222389815
0.9598829896907553,1.0,1.0,0.10963262121405126,-1.0,-0.34676289160864293,2.3000935734579144
-0.028736548117747607,0.0406299824263964,-0.5316145805543413,-0.7025366662530137,-0.7951622632814741,1.0,5.95555292821627
0.9259231192074101,-0.5067932840256002,-0.3071352845391957,-0.40507616818157327,-0.3558260260668306,1.0,3.628301152335503
0.3518667957084496,-0.16404250584710545,0.3384455259391434,-0.1676894429873499,-0.8161268739820948,-0.5322198239154794,1.5048556474753063
-0.8936495221990279,0.04819794946384004,-1.0,-0.6648789139023481,1.0,0.2769052924931112,-0.34199953785493586
-0.688368929195336,0.19929310048487248,-0.6800775315707988,0.1479367252079058,-0.16348818068995907,-0.8138285432628465,0.9119101101308992
0.7062427274550285,0.9122344566916176,1.0,1.0,0.03820086550284879,0.6606507753022846,-4.435675832614313
0.8821424747279847,1.0,1.0,0.6328519291640445,0.6659200270538175,-1.0,-3.5309226537916123
0.9587765650600546,0.5596462495157526,0.8160425476000506,-0.06235220406579711,-0.659817307322973,-0.343778930908749,1.5873679632644235
0.095781996622397,-0.07990539090463149,0.9673474630636562,-0.6422157865465594,-1.0,-1.0,0.7604696334678527
-0.764970940832679,0.9531680119689784,0.25164140230454474,-0.4402444541913876,-1.0,-0.3802482646505905,-2.0336200415566648
0.3900549211981713,0.4180868915869864,0.13852835825290655,0.23246242738185707,0.1764069207187069,0.6393211659081035,-0.3724643133573391
-1.0,-0.7635972003499215,-0.9811215281746147,-0.8956666863899927,0.09237625259700272,-1.0,3.4309359826024757
1.0,1.0,1.0,0.3325116460863349,1.0,-1.0,-4.300002144963771
-0.02852597984525046,-0.2751203963922839,-0.27065673838475035,1.0,-1.0,0.46279430832538715,1.7739077189507324
0.8055337663702733,0.7379052307813267,0.6095908181692291,-0.05089385930533885,-0.8681578648053103,-1.0,4.199821063881726
-0.923439161071285,0.4837863450763904,-0.9002237753550505,0.22510852217770533,-0.3235786139615866,-0.29149844986241513,-0.004260990431883854
-0.1905880803075739,0.3825935011197445,-0.0795890186563174,-0.10688142722197047,-0.3918322943356856,-0.2802766860536261,-0.21550829140678587
0.5254713917251799,0.6911458051112566,0.2847033026454716,0.5983951293385027,0.9471382597540859,0.35661742408688,-1.546350395656358
-1.0,-0.3909652516239879,-1.0,-0.5730342357448421,-0.6558870376434032,-0.6750903750570557,-0.3821869880080472
1.0,0.9281299273575961,-0.3106878803372517,0.25934985436997804,-0.8589125047773469,-1.0,6.983417507360935
-1.0,0.581303707194456,-0.07198885112327436,0.808628834125948,1.0,1.0,5.9623408047551925
1.0,0.22026697091054365,0.14480077408978562,0.4327781661006639,1.0,1.0,0.19136366475584698
0.1518786606940209,0.10933720921121379,-1.0,-0.49616893297398135,-0.9872260416720995,-0.5873531546469859,-0.8170934909921792
-1.0,-0.8351908373386914,-1.0,-0.5116707712015734,-0.04211084737110976,-0.26086118610561326,-2.485673898371413
0.35809777363000606,1.0,0.7508633126032401,0.14255010681704594,-1.0,-1.0,0.4516715137090224
-0.3032933443964071,-1.0,-1.0,-1.0,1.0,1.0,-0.5466676781946331
0.03633101935012473,0.04808189395248852,-0.5013251521528527,-0.23632718930556146,1.0,-0.1250958597252646,-0.08979504211748746
1.0,-0.14243749105972447,0.4392543025054765,0.7615844679598454,-0.9515228437011704,-1.0,9.13806094099877
0.9425353943928307,0.4866448434727711,-0.3131657988423559,0.16901598348628039,0.1669392278488706,1.0,3.1802553947501133
1.0,1.0,1.0,1.0,-0.6293368891236746,-1.0,7.1430853316523795
1.0,1.0,1.0,1.0,1.0,0.5154535361092722,-9.88468416652447
-0.6408128354260171,-1.0,-0.2534128468840461,-0.6292558231464718,-1.0,-0.30030462461262686,2.3478413568319274
-0.5806185290367321,-1.0,-1.0,-1.0,-1.0,-0.8054410126707632,3.1076838603763437
1.0,0.6469797933205048,0.3184703943961904,1.0,-0.7608891930480584,0.0742259740997333,3.5869182033781906
1.0,0.07050061675827735,1.0,0.36591612070171414,1.0,-1.0,-3.4513862174145693
-0.07114379583222297,-0.21777512869859317,-1.0,0.2843521891178882,-1.0,-0.3799257649081891,-0.668444100507407
-1.0,-1.0,-0.1570733066301392,-0.9864544236437172,0.40941313483958497,0.08414974085748447,-0.7049621865704068
1.0,1.0,1.0,0.039387945278893666,-1.0,0.5930680077096699,0.7455310788033762
0.1443502664104649,-0.690824742602995,0.046966309008389495,-1.0,0.5886430000711692,0.729848373896016,0.14586736042420223
-1.0,-1.0,-0.040342224489949674,-0.3797895331338866,1.0,1.0,4.014450964307241
0.9405298225898613,1.0,0.6294995731923078,1.0,-1.0,1.0,5.1677705091487445
0.2820147790824271,0.939007886406088,0.18452838278673012,0.4585195507776458,-1.0,0.0032286568619099287,0.5670531639688077
-0.29838193079276265,-0.33192436125512303,-0.41942293978735723,-0.4310009701316053,0.8924290480542948,0.5682623464974557,1.3163968085833224
0.9930720808332957,0.07865186788453848,0.23406607032656712,0.13229225943303072,-1.0,0.7494396965869268,4.80543705512683
-0.9726295955060587,-0.2132840054205034,-1.0,-0.778371813468804,-0.3086180106907308,-0.8895149055869878,3.068012712362886
0.9881829240989466,-0.25486492463621757,0.3973929383167703,0.4247858090658557,-0.6012681437272251,1.0,4.487981521952747
0.7126829252598652,-1.0,0.868273629190797,0.5497046181659175,0.842660904710635,0.11485559574073559,-0.6578580624537841
-0.7413058262122908,-0.03299026676514588,0.1655524924973314,0.1865472558892105,0.7375317324817364,-0.8802117011159365,2.761257894010891
-1.0,-0.8151633240938521,-1.0,-0.7966263896521375,0.3596233083624289,-0.27058217454167216,-2.7249702102052735
-0.955023824461692,-0.7211248309837373,-0.5148343398347639,0.4706168910924427,-0.10657158878711287,-0.7598342822520964,1.2057627007189302
0.06294054057169311,0.996852587060354,0.946449216749195,0.09416246168496467,-0.3015800526097526,-1.0,-0.21432504658500584
0.04913768066903568,-0.0015820893678701875,0.1300015266615443,-1.0,1.0,1.0,4.694099358284776
-0.003167180367940947,-0.36476453451394053,0.46628044278260916,-1.0,0.7854811502775476,1.0,1.7508383315101779
0.8943244891190761,-1.0,-0.8101332815750663,0.6310512573397413,-1.0,-1.0,5.925475851245975
-1.0,-1.0,1.0,-1.0,-0.6949289493280129,0.41349889144864993,-2.1744604714600126
-0.9031762631373146,0.08549229469590902,-0.7290568285028625,-0.5733905657313626,-1.0,-1.0,-1.070325211660405
-0.017677960821069538,-1.0,-0.9871185198230408,-1.0,0.2261556809745794,0.824272908217212,-2.4500882072999066
-0.18061001077435307,-0.34331801561284614,0.562773569177021,1.0,0.4402980814131406,-0.4704636560609286,0.7542398585479515
1.0,0.3937202622667346,1.0,1.0,0.5152794648953332,-0.7955904429431401,-0.9051811178523508
-0.724053231178372,0.2730982735377308,-1.0,0.18158272487003158,1.0,-0.9215938939341726,3.7190835476697943
-0.054946383661994,0.14805126982137679,-0.16156949496457906,-0.9058227586142382,1.0,0.7134902029973358,3.8223654183663665
0.49947949358168453,-0.027561828405474387,0.7337601926130994,0.6249165291870613,1.0,0.809396959730017,-1.5039269138892197
1.0,0.7296559360803139,0.8983109563140101,1.0,0.02772506897075415,1.0,-2.484692103026032
1.0,0.7080853992256794,0.0169263434323636,-1.0,-0.03170238397412617,0.012444384338670511,0.5297292344694849
-1.0,-0.811872312136281,-1.0,-1.0,-1.0,-0.9100087172285243,3.5013769405576958
-1.0,-0.8760419076757422,-1.0,-1.0,-0.3900395532151565,-0.9625201481018926,3.1273405823295137
1.0,0.8792061668214808,1.0,0.3788966838674681,0.4481988708665936,-0.333535083637566,-3.438530778592106
0.42358614383249976,-0.6869956420551026,-0.8887893230685183,0.5895233864087615,-1.0,0.1353502962417084,2.2542893277965583
-1.0,-0.8712016718988917,-1.0,-1.0,-0.7836759119774308,-1.0,4.681702346388067
-1.0,-0.4710647308070153,-0.5604410069837591,-0.6357033414876021,0.9190843702168112,0.3197524699730646,1.6908272461774774
-1.0,-0.7735075422900514,1.0,-0.7420419863035266,-1.0,-0.3244045851101105,0.05169498111681692
-0.15163833818469874,-0.6241293453245506,-0.8148495707662349,-1.0,1.0,0.7932017621382645,0.7849738611065543
0.2970388550534766,1.0,1.0,0.07061424722636889,0.9836540218717422,1.0,-2.248874884917885
-1.0,-1.0,-0.5273143840120047,-1.0,-1.0,0.4947745420351741,-0.6239436588425411
-0.8733131897801125,-0.5331851245032786,-1.0,-1.0,0.03181285517263832,0.23322730053500726,-3.1214180392602904
-0.6080365427721885,-1.0,0.33204022661820476,0.044452709750227255,0.7380622140835239,-0.1965152198217848,1.230610661153493
1.0,0.816893749522693,0.25532917540009104,1.0,-0.7699983621836303,-0.44216218727389256,4.977617553978185
-0.8700438608015857,-0.40046415344422603,-1.0,1.0,-1.0,-0.17548671792216175,-4.4451837814758886
1.0,1.0,0.2230567419561431,-0.48524929772893,1.0,0.7107660447817559,1.2326281059296753
-0.9094987603333555,-1.0,0.007765033799872811,-1.0,-1.0,-1.0,7.21891276250332
0.18492660075602818,0.6187105162775786,0.2995085555794026,0.728130947964459,-0.8832838040235935,0.5847947117911438,0.9643928563007715
1.0,-0.6616907368897161,1.0,1.0,-0.009462453670714521,-0.15853040721372932,0.9827045111849545
-1.0,-0.22707129237338963,-1.0,0.7177253142509019,0.9681860988837979,-0.5778784182199644,0.005274742989655468
0.8219985825157551,0.45307557630982415,-0.3068959191750052,0.0718382200880412,1.0,-0.5670342534439834,-1.4501890192557008
0.4758204031189148,0.4179732962564478,1.0,1.0,-1.0,-1.0,4.463161694889566
-0.12172749818263062,-0.38500868978125746,1.0,0.11637176227764529,-1.0,-1.0,0.10038444059145535
-0.8324316629344402,0.17274341497195778,-0.12346036316103925,0.1963623617423275,1.0,0.038371933232064614,1.9868335463548477
-0.11591335173117812,-1.0,-0.22362236088472165,-0.7175750358987214,-0.6433415708553949,-1.0,4.986282579918853
1.0,0.6763186704870314,0.8840429705990642,1.0,0.2537053023661777,0.16222276811266179,-3.127698815094603
-1.0,-0.16186937646731991,-1.0,0.34234172608379476,-0.4864196121471773,-1.0,4.614256592510296
0.7790640764274089,-0.7145329898086621,0.7514235287702621,-0.5211419102844997,0.06975783236616317,1.0,-2.1274494197631357
-0.10431411475949248,-0.9861970411282757,-0.9264075580253848,-0.20995618283656092,-1.0,-0.47797629726624624,-2.631940550285333
0.42851014159128775,0.9107427205223437,1.0,0.08475262491618496,1.0,0.7663293243934675,-3.204735090698287
-0.015984524742291173,-1.0,-1.0,-0.7380295038072759,-0.2540930692798923,0.2234650311675931,-2.5778677404361687
1.0,0.756679068526676,1.0,0.9557263606875837,-0.2587227689414846,0.01522086107669074,0.07773801131769548
-1.0,0.16595645922806113,-0.2820874578326338,-1.0,0.8541064051044305,0.7562193286455551,5.346398273983624
-0.8535329148286489,0.06952118242620631,-0.08153961299061122,0.25887030073582573,0.9728042311919554,1.0,5.751157364836159
1.0,-0.26565283438942,1.0,0.1526339889694842,-0.34365040061786445,-0.4281346237628961,4.345366684760983
-0.2465814406167451,-0.15330724348751604,1.0,1.0,0.7538048410230493,1.0,-0.651620793676604
-1.0,-1.0,-1.0,-0.055735523222607164,0.9894713935382644,0.6923732298427245,-1.360507684824579
-0.9992553189707114,0.2707924930641469,-1.0,-1.0,0.9234572927317293,0.623644926297622,3.839717702935387
0.39788093161465515,-0.6856067116928768,-0.4498983914224949,-0.9912915017893178,0.8192424260561209,0.008910473010302122,-0.9948689770565924
0.16971870131604894,-0.6685374506636423,-0.03220052442155702,-0.7970013456457523,-0.333110193348819,0.7328532983459518,0.7138953605066779
-0.14294263239838167,-1.0,-0.5133256068816207,-0.14358386766757442,-0.5064413360965221,-1.0,2.021908964622593
1.0,0.07157000199549463,1.0,0.21301965267307177,0.834978289151589,0.5282245546973878,-5.5656133522954025
-0.6476570019306938,-0.08711251536067877,1.0,-0.8164088534505539,0.5078895039746342,1.0,-2.3838586912654973
-1.0,-0.9540590426387439,-1.0,-1.0,-1.0,-1.0,5.173854605392846
1.0,-0.8534869821171277,0.3405432113530812,0.4814076388182209,1.0,1.0,-0.280041485460084
0.7640047183566157,-0.7743891536943752,1.0,0.5461387496731159,0.08578603997543788,1.0,-1.4385400543671427
-0.15492073001374707,-0.3063534755393533,-0.1576556921359531,-0.8395782178845452,0.15769428758230197,1.0,2.7979149832330865
-0.8825936827836415,-0.033470062840819215,-1.0,0.18472088426150346,-0.7994690426417981,0.05085473857783007,-2.6531886593196385
-0.3556320320010111,-0.5761577103082475,-0.8914962715996108,0.6575447369509247,0.7475043010237973,-0.8464663477234515,0.9997520148089976
0.7607755713430945,0.6716244405629936,-0.15584924899818287,1.0,-0.7917907676616573,-1.0,8.0844912192379
0.9488150843791828,1.0,-0.020773376921603443,0.2639973852139479,1.0,0.28022341834042463,-0.9775772804160348
1.0,1.0,1.0,1.0,-0.17828200834871172,0.6871266757067797,-2.894755079373357
0.43353866326571094,0.911019922062911,-0.43391650380646807,-0.8618074111168963,-0.7669312013680372,-0.29959955785251113,3.027867815715015
-0.8756284983364928,-0.592631025742236,-1.0,-1.0,1.0,0.6320706642139211,-0.5013739652330041
-0.10621496788850582,-0.23904910733246443,-0.3421057511988852,0.25370513997317196,1.0,1.0,5.225222674267971
1.0,1.0,1.0,1.0,-1.0,0.7960434975113233,1.0983039164263548
-0.07576547901463326,-1.0,0.13640926381711832,1.0,0.09444151159280778,0.2538002874361587,0.8794814442324225
-0.7593540500912325,-0.755229795509058,1.0,-0.9987633194367233,1.0,-0.23730368942172458,1.7226963878272576
-1.0,-0.34397099537869935,-0.27680903456841344,-1.0,-0.5537634799971967,1.0,0.6375144294116111
1.0,1.0,1.0,0.5341462093026714,-0.370364411866417,1.0,-3.5117459134356435
-0.21810976210526167,-1.0,-0.7268285962912526,-0.14815437684934196,-0.47474797635094457,-1.0,2.941804674995151
-1.0,-0.7272072999185477,-0.6717210553221223,-1.0,-0.5761515256235408,1.0,0.8403412589125658
-0.12186943347720336,-1.0,-0.7208944130026065,-0.4554518685950407,0.37022982601034304,0.17501390173960535,-1.693480389668026
-0.2686983645154429,-0.15867151374098887,-0.08821952186403992,1.0,1.0,-0.5283083396691388,2.15817291748348
1.0,0.09003159891958501,0.04918807170799322,-0.49557693209469295,-0.4042377320162927,1.0,4.1483749427945416
0.2642508195548202,-1.0,-0.8782975314991333,-1.0,0.10067273478027855,0.22393132526831053,-4.070904474060367
0.18637638680633195,1.0,1.0,1.0,0.25980145816456934,0.3523525454136217,-6.072303406570429
-1.0,0.09621380703126348,-0.5735918569158551,0.20821235669480004,1.0,0.17359940008519437,1.560414870112224
-0.350151638939187,-1.0,-1.0,-0.6680620880833785,-0.4980894269133831,-1.0,3.028067495933492
-0.3336308922005252,0.4499994518820599,-0.5748048868949317,0.6037640037632829,0.4942238712980828,0.027637017126785013,1.1570579970490906
0.26759603466877563,-1.0,-0.5675230998425765,0.029777338910540685,-0.043928153908211365,0.3175029919862269,-1.1288250870575904
-0.06514470307778386,-1.0,0.7146805067439549,-1.0,0.13159898098505063,1.0,-1.6825623099575986
-0.8272250632356692,-1.0,-1.0,-0.8776309450281029,-0.12315452042976982,1.0,-0.5116633594115683
0.3437990662789826,0.0999206793276155,0.16388576947534866,0.6199147046798725,1.0,0.6595689433144614,0.06120263134851189
1.0,1.0,0.7596535952171197,1.0,-0.7413412754987003,-0.29693832193184255,3.594902150896888
0.39561917813236536,-0.7553201221860871,-1.0,0.3895315229857995,0.5271069792023904,1.0,3.6664965084825845
-1.0,-1.0,-1.0,-0.43967419329642876,0.2940940841584123,1.0,2.1952142585348695
-1.0,-0.32215503136798684,-1.0,-1.0,0.9866006176456321,-0.24948131978260826,-1.5544762061392197
0.0629211200500076,-0.04635051472817664,-0.8496661425841439,-1.0,-0.8190189228365496,-0.8394767723237574,1.9171797034279159
-0.006626085785592928,0.3347287962439027,-0.4518254536986519,-0.18274114421891174,-0.13746840566646673,-0.05875312650791076,-0.04550381087172323
-1.0,0.18617687236162472,-1.0,0.05923071077608555,-0.01748909279456501,-0.8261557532131172,3.9440476452234634
0.1844729085462921,-0.05349479415772529,0.6699065026841488,-0.8219047029405504,1.0,1.0,1.078660045088543
1.0,0.3237788179635959,-1.0,0.2049006722170196,0.14771461497006325,-0.18478026927644345,-0.21903153178476692
0.16198623170255932,-0.06472792973032454,0.40469823216529044,1.0,0.5166652340133067,0.19882575919860979,-0.6574069781554625
1.0,-0.1702005337508119,0.4113441239507685,0.4883369953770411,-0.08017299823121116,0.17305158971399937,0.3468870219467969
-0.6835866580336483,0.1253544070111754,0.17575100137734917,0.31235671358378503,1.0,-0.661916058372733,3.4487200469098696
-0.907284035334394,-0.15525708520507472,-0.2900954429882854,-1.0,0.22306855016518057,0.4446130719271342,0.5228403264647571
-0.45856151061227446,0.05461020333054567,0.4365220089112871,0.9522922110870389,1.0,1.0,4.954134429000644
0.8081660964810826,0.108964366268064,-0.42109231193599894,1.0,-1.0,-0.03960782879184985,1.8825677144173818
-0.9557115988649711,0.3814706439549214,-0.06817237701686396,-0.007997143502736614,-0.9052817611492369,-0.34616827652838744,-1.645914780865759
-0.28365970096289295,0.8018888634032819,0.06931792349787014,0.9178775873496337,0.7970673546083149,0.9225616673397884,3.493475064957023
-1.0,0.8028830765485275,0.43604655271044046,-0.5386299059080887,1.0,0.3931375221613676,3.4392971068605434
0.14623045158542602,1.0,0.021689091474033972,0.14877066646593762,0.033324896070243915,0.32815162020445265,0.7832710573304198
0.2779379478471884,0.22845495306225574,0.5455125520252508,-1.0,0.9445041571662189,1.0,2.9476404741274025
-0.5881858409868882,-0.18182686733236486,-0.5203055267692934,-0.6710310208285416,0.7774719543578402,0.05223865256018323,1.3546593762532868
1.0,0.24742211910378042,0.9401964564847654,0.616843683397029,0.19994687330002464,1.0,-2.387243868085128
-0.2726864927775236,-0.21106584451970792,-0.9050583567758577,0.01896216630272038,-0.8129315673962795,-0.6496660958895075,-1.2651001880284136
-1.0,-0.2301962604896341,-0.9313204695157054,0.7574069679100739,-0.7106640895612375,0.7783642093853629,0.8335537705196069
-0.08966182909937875,0.6818855251629989,0.5864876233736557,1.0,0.14986595089416113,-0.9726160753994613,1.7391118517111948
0.8250774916002737,-0.3938504456899399,-0.7319332234197423,0.7088902750317354,1.0,0.023981129731525663,-2.808760302837648
0.011891545142014476,-0.7953318282647737,-0.2783039078449324,-0.10489906480103217,0.8728937106421141,0.2632038095174475,-0.5143349146750806
-0.900387135780933,0.4114897023866505,-0.0720129682918963,-0.6629856056989758,0.6795686734022472,0.9914313935195441,6.377909421215012
1.0,0.6323909689959607,0.7781059037245014,-0.08634055607507596,0.5703522076546965,-0.22276280767843404,-1.7626102457689816
-1.0,-0.627430757589388,-1.0,-0.945348306684925,-0.08395249609103694,-0.16789509407284509,-3.32236399034247
0.8161911576084462,1.0,-0.18070874092031036,0.5561950055753577,1.0,1.0,1.8972087749822732
1.0,1.0,0.40851672841176967,1.0,-0.4753637759654261,-0.19620844297272932,3.8867407814419423
-0.33965598917221596,-0.9949944052506152,-0.49911402675485306,-1.0,0.48271025776620957,0.4536625084085144,-2.187244912944056
0.5698882335310796,-0.7328678102155779,-0.6380234075614808,-0.9180344936037523,-1.0,-1.0,7.462102491074625
-0.7561564132412528,-0.17338625836628796,0.19738820895206655,0.5267128274088705,0.17541668248181785,0.5166136661269937,0.8733245565144816
0.2645147564358674,0.5798153915457385,0.8589687412633035,1.0,1.0,1.0,-1.3868780574058661
0.40429308387671176,-0.6237304630261299,-0.630965057412995,-1.0,-1.0,-0.18034117906926606,4.063094840052139
-0.6359406742405651,-0.25110428090732717,-1.0,-0.9285528711341242,0.7281043412356892,-1.0,5.173287862291588
0.10123528733196197,1.0,1.0,0.0003344111776035774,0.20733024280628115,0.27674911707608574,-2.093813588576788
0.9021889852393999,-1.0,-1.0,-1.0,-0.9846902499632734,0.16431945510614515,8.089449443655589
-1.0,-0.827969837156482,-0.01820595339960762,-0.5896022943985766,1.0,0.30337201294208205,3.3033708816761806
-0.18336532115177717,0.0036319232806233948,-1.0,-1.0,-0.9079044240934737,-1.0,1.0250443742301003
1.0,1.0,-0.7178623901303539,0.5793137829313083,0.22603893566217842,0.854380826946226,2.9025568454291433
-1.0,-0.3934785160982286,-1.0,-0.6436354909994868,0.39816849697335277,0.6459681051625068,1.0348412222072385
-0.31745340786601806,-0.17508042280562708,-1.0,-1.0,1.0,0.2386189679514672,0.4888581439312182
-1.0,-0.6946361820836263,-1.0,-1.0,0.5384916091221296,-0.9921694773576175,4.532583927121812
-1.0,-1.0,-0.9438051189974699,-1.0,0.20908823177679564,-1.0,2.723165318893022
1.0,0.325552132267936,1.0,0.578395884766342,0.02253010614231632,-0.4359587749504417,1.2365125125236787
-0.6948259208212666,-1.0,-0.5281896465060154,-0.3422518921680995,0.022582336327577224,0.7674239677112472,-1.6067505374668416
0.6624844868678659,1.0,0.17868639690725052,1.0,0.1765411899178545,0.9475542716696002,0.9356793788189528
-0.677599701734052,-0.2732430599485185,-1.0,-0.48566211919813096,-1.0,-0.5478599204340688,-1.0549576854870937
0.8201508585620605,1.0,1.0,0.6348976632290579,0.38985211251307894,0.34453773965975554,-5.3559378744260835
0.03339798229547297,0.2349128259230121,-0.7440778146859219,-0.6703342721647763,0.222139633606532,0.5087271976097851,0.3095577121908404
0.4516533453615277,-0.9253305053891769,0.531855021966638,-1.0,-1.0,-1.0,12.60848271099201
-0.4106611821576152,-0.30683216027101445,-1.0,-0.8721897454595502,-0.5207400846531343,0.07250993190211164,-0.5107800332551146
0.8739814169701512,0.32455798041360934,0.4408131674848774,0.24013503704892414,-1.0,-0.5959340313216126,4.578113048680144
0.41571277388654493,0.13708078906432286,0.21587307751718704,0.18075265047483313,1.0,1.0,3.2628510260023225
-0.09911372170516278,0.13042138368545436,-0.6254289632276924,-0.07812534686847569,0.5887459182622536,0.29205218813109546,1.114449596637753
-1.0,-1.0,-0.9056452047352037,-0.43209134805743554,-0.48994845237664364,0.732254275235516,-2.048730219255643
1.0,1.0,0.3476358420247092,0.797814604954109,1.0,0.827829783493802,-1.6926591541073541
0.37319412039687694,1.0,0.9535327891458847,0.04275276760863833,-0.7368773459173623,-0.5611159498907451,-1.44602872745744
-0.8955632669465331,-0.521671398492899,0.3896537171023858,1.0,-0.9285599129538924,-0.09873787155292968,-1.0431525703558973
0.4921246126278801,0.6004281264917124,0.8643663315088436,0.44070184271663126,-0.005749290073287838,0.26032437632073224,-1.1920221183145787
-1.0,0.16380332115903862,-0.7186982428542547,-0.7550435484657438,-1.0,-1.0,-0.9524525731979516
0.5304695671164847,0.22323062364934532,1.0,0.38351954499296137,-0.9404751672756644,-1.0,2.9994636892559323
